StockNo,Year,Make,Model,Mileage,Price
MY1266,2021,Nissan,Rogue,49161,11500
MY1267,2023,Toyota,RAV4,33683,21300
MY1268,2023,Ford,Escape,36337,21100
MY1269,2021,Nissan,Rogue,46347,13800
MY1270,2025,Mazda,CX-5,11293,27600
MY1271,2021,Nissan,Rogue,48940,15300
MY1272,2021,Toyota,Corolla,74598,11800
MY1273,2025,Toyota,Corolla,14624,20500
MY1274,2020,Honda,Civic,93483,8100
MY1275,2019,Hyundai,Elantra,107414,6200
MY1276,2019,BMW,3 Series,81411,14800
MY1277,2020,Hyundai,Tucson,74037,11900
MY1278,2026,Tesla,Model 3,15,38200
MY1279,2022,Nissan,Rogue,53408,15600
