Date,DealerID,Dealer,Active,Added,Removed,PriceChanges,MedianPrice
2026-07-31,city-autos,City Autos,28,0,0,0,17445
2026-07-31,metro-motors,Metro Motors,38,0,0,0,23995
2026-07-31,prime-cars,Prime Cars,22,0,0,0,16695
2026-08-01,city-autos,City Autos,27,0,1,0,17595
2026-08-01,metro-motors,Metro Motors,38,0,0,0,23995
2026-08-01,prime-cars,Prime Cars,22,2,2,0,16695
2026-08-02,city-autos,City Autos,25,0,2,0,18295
2026-08-02,metro-motors,Metro Motors,38,1,1,0,23995
2026-08-02,prime-cars,Prime Cars,19,0,3,0,16795
2026-08-03,city-autos,City Autos,28,3,0,0,18495
2026-08-03,metro-motors,Metro Motors,38,1,1,0,24395
2026-08-03,prime-cars,Prime Cars,19,2,2,0,17995
2026-08-04,city-autos,City Autos,26,0,2,0,17945
2026-08-04,metro-motors,Metro Motors,38,0,0,0,24395
2026-08-04,prime-cars,Prime Cars,22,4,1,0,17795
2026-08-05,city-autos,City Autos,28,3,1,0,17945
2026-08-05,metro-motors,Metro Motors,38,0,0,0,24395
2026-08-05,prime-cars,Prime Cars,21,1,2,0,17995
2026-08-06,city-autos,City Autos,28,2,2,0,19445
2026-08-06,metro-motors,Metro Motors,37,0,1,0,24795
2026-08-06,prime-cars,Prime Cars,21,0,0,0,17995
2026-08-07,city-autos,City Autos,28,1,1,0,17795
2026-08-07,metro-motors,Metro Motors,38,2,1,0,24395
2026-08-07,prime-cars,Prime Cars,19,0,2,0,17995
2026-08-08,city-autos,City Autos,28,0,0,0,17795
2026-08-08,metro-motors,Metro Motors,38,1,1,0,24895
2026-08-08,prime-cars,Prime Cars,19,1,1,0,18595
2026-08-09,city-autos,City Autos,28,0,0,0,17795
2026-08-09,metro-motors,Metro Motors,37,0,1,0,24995
2026-08-09,prime-cars,Prime Cars,20,1,0,0,18295
2026-08-10,city-autos,City Autos,28,2,2,0,17795
2026-08-10,metro-motors,Metro Motors,36,0,1,0,24895
2026-08-10,prime-cars,Prime Cars,21,1,0,0,18595
2026-08-11,city-autos,City Autos,28,1,1,0,18295
2026-08-11,metro-motors,Metro Motors,33,0,3,0,23995
2026-08-11,prime-cars,Prime Cars,21,1,1,0,18595
2026-08-12,city-autos,City Autos,28,0,0,0,18295
2026-08-12,metro-motors,Metro Motors,38,6,1,0,21495
2026-08-12,prime-cars,Prime Cars,20,0,1,0,18295
2026-08-13,city-autos,City Autos,28,1,1,0,19445
2026-08-13,metro-motors,Metro Motors,36,0,2,0,21495
2026-08-13,prime-cars,Prime Cars,22,3,1,0,17495
2026-08-14,city-autos,City Autos,28,1,1,0,19445
2026-08-14,metro-motors,Metro Motors,38,3,1,0,22995
2026-08-14,prime-cars,Prime Cars,22,1,1,0,17495
2026-08-15,city-autos,City Autos,28,1,1,0,19445
2026-08-15,metro-motors,Metro Motors,38,1,1,0,21495
2026-08-15,prime-cars,Prime Cars,22,2,2,0,17495
2026-08-16,city-autos,City Autos,28,1,1,0,19445
2026-08-16,metro-motors,Metro Motors,38,0,0,0,21495
2026-08-16,prime-cars,Prime Cars,22,1,1,0,18295
2026-08-17,city-autos,City Autos,28,1,1,0,18145
2026-08-17,metro-motors,Metro Motors,37,1,2,0,20595
2026-08-17,prime-cars,Prime Cars,22,0,0,0,18295
2026-08-18,city-autos,City Autos,28,0,0,0,18145
2026-08-18,metro-motors,Metro Motors,38,2,1,0,21295
2026-08-18,prime-cars,Prime Cars,22,2,2,0,17895
2026-08-19,city-autos,City Autos,28,1,1,0,18145
2026-08-19,metro-motors,Metro Motors,37,2,3,0,21995
2026-08-19,prime-cars,Prime Cars,22,0,0,0,17895
2026-08-20,city-autos,City Autos,28,0,0,0,18145
2026-08-20,metro-motors,Metro Motors,38,2,1,0,23145
2026-08-20,prime-cars,Prime Cars,22,1,1,0,17895
2026-08-21,city-autos,City Autos,28,1,1,0,17645
2026-08-21,metro-motors,Metro Motors,37,1,2,0,24295
2026-08-21,prime-cars,Prime Cars,21,1,2,0,17995
2026-08-22,city-autos,City Autos,27,0,1,0,17295
2026-08-22,metro-motors,Metro Motors,38,2,1,0,26245
2026-08-22,prime-cars,Prime Cars,22,2,1,0,17295
2026-08-23,city-autos,City Autos,28,1,0,1,17245
2026-08-23,metro-motors,Metro Motors,38,1,1,0,26245
2026-08-23,prime-cars,Prime Cars,21,1,2,0,16795
2026-08-24,city-autos,City Autos,27,1,2,0,17295
2026-08-24,metro-motors,Metro Motors,38,3,3,0,25045
2026-08-24,prime-cars,Prime Cars,22,1,0,1,17395
2026-08-25,city-autos,City Autos,28,2,1,1,16095
2026-08-25,metro-motors,Metro Motors,38,4,4,1,25045
2026-08-25,prime-cars,Prime Cars,21,0,1,0,17995
2026-08-26,city-autos,City Autos,28,0,0,1,15695
2026-08-26,metro-motors,Metro Motors,38,0,0,1,25045
2026-08-26,prime-cars,Prime Cars,22,1,0,0,18295
2026-08-27,city-autos,City Autos,28,3,3,0,15745
2026-08-27,metro-motors,Metro Motors,38,1,1,1,23145
2026-08-27,prime-cars,Prime Cars,20,0,2,1,17695
2026-08-28,city-autos,City Autos,28,0,0,0,15745
2026-08-28,metro-motors,Metro Motors,38,1,1,0,21595
2026-08-28,prime-cars,Prime Cars,21,1,0,0,18595
2026-08-29,city-autos,City Autos,28,0,0,0,15745
2026-08-29,metro-motors,Metro Motors,38,2,2,0,20845
2026-08-29,prime-cars,Prime Cars,22,1,0,1,18995
2026-08-30,city-autos,City Autos,28,1,1,1,16695
2026-08-30,metro-motors,Metro Motors,38,1,1,0,20845
2026-08-30,prime-cars,Prime Cars,22,1,1,0,18995
2026-08-31,city-autos,City Autos,28,0,0,1,16695
2026-08-31,metro-motors,Metro Motors,38,2,2,0,20845
2026-08-31,prime-cars,Prime Cars,22,0,0,0,18995
2026-09-01,city-autos,City Autos,28,0,0,0,16695
2026-09-01,metro-motors,Metro Motors,38,0,0,0,20845
2026-09-01,prime-cars,Prime Cars,20,0,2,0,17695
2026-09-02,city-autos,City Autos,28,1,1,1,16695
2026-09-02,metro-motors,Metro Motors,36,1,3,1,20295
2026-09-02,prime-cars,Prime Cars,22,2,0,1,16545
2026-09-03,city-autos,City Autos,27,1,2,1,16395
2026-09-03,metro-motors,Metro Motors,35,1,2,1,20095
2026-09-03,prime-cars,Prime Cars,22,0,0,1,16145
2026-09-04,city-autos,City Autos,28,1,0,1,16195
2026-09-04,metro-motors,Metro Motors,34,0,1,0,20295
2026-09-04,prime-cars,Prime Cars,22,0,0,0,16145
2026-09-05,city-autos,City Autos,28,1,1,2,15995
2026-09-05,metro-motors,Metro Motors,38,5,1,0,19845
2026-09-05,prime-cars,Prime Cars,22,0,0,0,16145
2026-09-06,metro-motors,Metro Motors,38,0,0,1,19845
2026-09-06,prime-cars,Prime Cars,22,0,0,0,16145
2026-09-07,city-autos,City Autos,25,0,3,1,15595
2026-09-07,metro-motors,Metro Motors,37,0,1,0,20095
2026-09-07,prime-cars,Prime Cars,21,0,1,0,15995
2026-09-08,city-autos,City Autos,28,4,1,0,16795
2026-09-08,metro-motors,Metro Motors,37,0,0,0,20095
2026-09-08,prime-cars,Prime Cars,22,1,0,1,15645
2026-09-09,city-autos,City Autos,28,0,0,1,16795
2026-09-09,metro-motors,Metro Motors,38,2,1,1,19845
2026-09-09,prime-cars,Prime Cars,22,0,0,0,15645
2026-09-10,city-autos,City Autos,28,0,0,1,16795
2026-09-10,metro-motors,Metro Motors,38,1,1,1,20295
2026-09-10,prime-cars,Prime Cars,21,1,2,0,15295
2026-09-11,city-autos,City Autos,28,3,3,1,15595
2026-09-11,metro-motors,Metro Motors,37,0,1,1,20495
2026-09-11,prime-cars,Prime Cars,20,0,1,0,15645
2026-09-12,city-autos,City Autos,28,0,0,1,15595
2026-09-12,metro-motors,Metro Motors,37,2,2,0,20095
2026-09-12,prime-cars,Prime Cars,21,1,0,0,15995
2026-09-13,city-autos,City Autos,28,1,1,2,16445
2026-09-13,metro-motors,Metro Motors,38,2,1,0,20395
2026-09-13,prime-cars,Prime Cars,22,1,0,1,17295
2026-09-14,city-autos,City Autos,28,2,2,1,16445
2026-09-14,metro-motors,Metro Motors,38,0,0,0,20395
2026-09-14,prime-cars,Prime Cars,22,0,0,2,16995
2026-09-15,city-autos,City Autos,28,1,1,1,15345
2026-09-15,metro-motors,Metro Motors,38,1,1,0,20195
2026-09-15,prime-cars,Prime Cars,22,1,1,0,18645
2026-09-16,city-autos,City Autos,28,0,0,1,15345
2026-09-16,metro-motors,Metro Motors,38,1,1,0,20395
2026-09-16,prime-cars,Prime Cars,21,0,1,0,18695
2026-09-17,city-autos,City Autos,28,1,1,0,15345
2026-09-17,metro-motors,Metro Motors,38,0,0,0,20395
2026-09-17,prime-cars,Prime Cars,19,0,2,0,18695
2026-09-18,city-autos,City Autos,25,0,3,0,15595
2026-09-18,metro-motors,Metro Motors,38,1,1,1,20395
2026-09-18,prime-cars,Prime Cars,20,1,0,0,19045
2026-09-19,city-autos,City Autos,23,0,2,0,17395
2026-09-19,metro-motors,Metro Motors,38,0,0,0,20395
2026-09-19,prime-cars,Prime Cars,20,1,1,0,19045
2026-09-20,city-autos,City Autos,24,2,1,0,17445
2026-09-20,metro-motors,Metro Motors,37,0,1,0,20495
2026-09-20,prime-cars,Prime Cars,19,0,1,1,19395
2026-09-21,city-autos,City Autos,21,0,3,1,18095
2026-09-21,metro-motors,Metro Motors,34,1,4,2,20645
2026-09-21,prime-cars,Prime Cars,21,3,1,0,19495
2026-09-22,city-autos,City Autos,23,5,3,1,18095
2026-09-22,metro-motors,Metro Motors,33,0,1,1,20495
2026-09-22,prime-cars,Prime Cars,22,1,0,0,19445
2026-09-23,city-autos,City Autos,28,6,1,0,17795
2026-09-23,metro-motors,Metro Motors,30,0,3,2,20195
2026-09-23,prime-cars,Prime Cars,21,0,1,0,19395
2026-09-24,city-autos,City Autos,28,1,1,0,18245
2026-09-24,metro-motors,Metro Motors,31,1,0,2,19895
2026-09-24,prime-cars,Prime Cars,22,2,1,0,19045
2026-09-25,city-autos,City Autos,27,1,2,0,17395
2026-09-25,metro-motors,Metro Motors,32,2,1,0,19995
2026-09-25,prime-cars,Prime Cars,22,2,2,0,19445
2026-09-26,city-autos,City Autos,28,1,0,1,16195
2026-09-26,metro-motors,Metro Motors,33,2,1,0,20295
2026-09-26,prime-cars,Prime Cars,22,0,0,0,19445
2026-09-27,city-autos,City Autos,27,1,2,0,17295
2026-09-27,metro-motors,Metro Motors,32,0,1,0,20195
2026-09-27,prime-cars,Prime Cars,22,1,1,0,19445
2026-09-28,city-autos,City Autos,28,3,2,0,17345
2026-09-28,metro-motors,Metro Motors,32,0,0,1,20195
2026-09-28,prime-cars,Prime Cars,22,1,1,0,19445
