Date,DealerID,Dealer,Key,Type,Title,OldPrice,NewPrice,Delta
2026-09-28,city-autos,City Autos,vin:26HTWZCRW7YNV28TD,new,2026 Hyundai Tucson SE,,27395,
2026-09-28,city-autos,City Autos,vin:SBU9UNVHSPLL50GKA,new,2022 Hyundai Elantra SE,,10295,
2026-09-28,city-autos,City Autos,vin:MH0XH5VUZRJ8BENV1,new,2022 Ford Escape S,,13695,
2026-09-28,city-autos,City Autos,vin:08YWUYA9L4RU3FEHN,removed,2019 Mazda CX-5 Touring,8995,,
2026-09-28,city-autos,City Autos,vin:BUZUATVPPDNFHMSJU,removed,2019 Toyota Corolla XSE,7895,,
2026-09-28,metro-motors,Metro Motors,vin:F76E8ECKNMYXTE454,price_change,2022 Toyota Camry LE,15095,14295,-800
2026-09-28,prime-cars,Prime Cars,vin:AWBTE5BZHY7V49KCN,new,2020 BMW 3 Series 330i,,15295,
2026-09-28,prime-cars,Prime Cars,vin:8HZ0MLB9W7KLKCZJC,removed,2021 Ford F-150 XLT,18695,,
2026-09-27,city-autos,City Autos,vin:5Y3KZ0R73RVGTSEXG,new,2023 Kia Sportage EX,,17295,
2026-09-27,city-autos,City Autos,vin:VGDTVUJKG3LMAPP55,removed,2025 Toyota Corolla LE,19095,,
2026-09-27,city-autos,City Autos,vin:0LRMXS991V64U7C3A,removed,2021 Kia Sportage EX,13095,,
2026-09-27,metro-motors,Metro Motors,vin:XPHM3XSPASAGTMLN2,removed,2025 Kia Sportage EX,24695,,
2026-09-27,prime-cars,Prime Cars,vin:WUA5LZ9LXAMGAY76V,new,2020 Honda CR-V Touring,,14195,
2026-09-27,prime-cars,Prime Cars,vin:STV3LGWAPU60P854G,removed,2022 Toyota Camry SE,15395,,
2026-09-26,city-autos,City Autos,vin:VGDTVUJKG3LMAPP55,price_change,2025 Toyota Corolla LE,19795,19095,-700
2026-09-26,city-autos,City Autos,vin:W6LYFS4HN30E4CNAV,new,2021 Ford Escape S,,12795,
2026-09-26,metro-motors,Metro Motors,vin:PWBJKPDG7BCU43GVR,new,2026 Ford Escape SE,,31595,
2026-09-26,metro-motors,Metro Motors,vin:HM3J8CUUHUCWTDH0Z,new,2025 Mazda CX-5 Sport,,26395,
2026-09-26,metro-motors,Metro Motors,vin:DSRUF2LZ4BG06K4YL,removed,2020 Hyundai Tucson SE,10695,,
2026-09-25,city-autos,City Autos,vin:LGJA0PMFM8T4DWBCV,new,2022 Ford Escape S,,13595,
2026-09-25,city-autos,City Autos,vin:LMARA7XJH7KHZ3ZZ3,removed,2022 BMW 3 Series 330i,22695,,
2026-09-25,city-autos,City Autos,vin:4KHVNJCMDMZ841LT4,removed,2025 Kia Sportage LX,22495,,
2026-09-25,metro-motors,Metro Motors,vin:B550KZ5GS2AW6S4AD,new,2023 Ford Escape SE,,18995,
2026-09-25,metro-motors,Metro Motors,vin:CVBGXB3DJFK3AKG5F,new,2026 Mazda CX-5 Sport,,32695,
2026-09-25,metro-motors,Metro Motors,vin:Z8DN5FK12G9G8XNFN,removed,2020 Honda Civic LX,9895,,
2026-09-25,prime-cars,Prime Cars,vin:20UK57PBEHNK8VPX2,new,2020 Chevrolet Silverado RST,,16595,
2026-09-25,prime-cars,Prime Cars,vin:10TUYHR2ZESM8KCF0,new,2022 BMW 3 Series M340i,,22995,
2026-09-25,prime-cars,Prime Cars,vin:TEVRB9N1DCM8XDPZA,removed,2019 Toyota RAV4 LE,10095,,
2026-09-25,prime-cars,Prime Cars,vin:XKTW13JFPEUG7R5T9,removed,2019 Toyota Camry SE,9395,,
2026-09-24,city-autos,City Autos,vin:UT09T1XJ1BBRGVEXC,new,2021 BMW 3 Series M340i,,21595,
2026-09-24,city-autos,City Autos,vin:XML71MRU7WBATV38G,removed,2024 Toyota RAV4 LE,18095,,
2026-09-24,metro-motors,Metro Motors,vin:6W15AGGPSFSNAAXRK,price_change,2024 Toyota Camry SE,20795,19895,-900
2026-09-24,metro-motors,Metro Motors,vin:6JF9EPT1UJAGT3E1V,price_change,2026 BMW 3 Series 330i,48295,46695,-1600
2026-09-24,metro-motors,Metro Motors,vin:YCC17M2F028MNH6UH,new,2020 Ford Escape S,,9795,
2026-09-24,prime-cars,Prime Cars,vin:9HHUBDKYA3ASCBPWX,new,2025 Tesla Model 3 Long Range,,33895,
2026-09-24,prime-cars,Prime Cars,vin:7K8KKF7L656A9E1B4,new,2021 Hyundai Elantra SEL,,10895,
2026-09-24,prime-cars,Prime Cars,vin:4FRLPD3AWS82HKWZX,removed,2025 Ford F-150 Lariat,42295,,
2026-09-23,city-autos,City Autos,vin:4T6X4FRH53PG7U6HS,new,2019 Toyota Camry LE,,8795,
2026-09-23,city-autos,City Autos,vin:H2XFABHTUG3DPBYPU,new,2026 Ford F-150 XL,,46195,
2026-09-23,city-autos,City Autos,vin:MTC023SKC3H4N8D26,new,2019 BMW 3 Series M340i,,14095,
2026-09-23,city-autos,City Autos,vin:HR8CD2ACZSXXS93DR,new,2019 Mazda CX-5 Sport,,8595,
2026-09-23,city-autos,City Autos,vin:82NDVUA6MAX7P8PNM,new,2026 Honda Civic LX,,22795,
2026-09-23,city-autos,City Autos,vin:LELDZJH1EFZXWEMCB,new,2021 Toyota Camry LE,,12995,
2026-09-23,city-autos,City Autos,vin:ZM3E0FL2T6LHELK8U,removed,2019 Toyota Corolla SE,8095,,
2026-09-23,metro-motors,Metro Motors,vin:EE7LGXMBZ7V4Y7DUY,price_change,2021 Chevrolet Silverado LT,20495,19295,-1200
2026-09-23,metro-motors,Metro Motors,vin:XPHM3XSPASAGTMLN2,price_change,2025 Kia Sportage EX,25895,24695,-1200
2026-09-23,metro-motors,Metro Motors,vin:1JKYVKSNF7K2SY55L,removed,2026 Ford F-150 XL,38595,,
2026-09-23,metro-motors,Metro Motors,vin:6P47AJ0J9L6JFKFTR,removed,2021 Hyundai Tucson SEL,15095,,
2026-09-23,metro-motors,Metro Motors,vin:KPBUMMY55HL50LKJU,removed,2024 Toyota Camry SE,23295,,
2026-09-23,prime-cars,Prime Cars,vin:6WSBCMXJZFFCP3EG7,removed,2025 Honda CR-V EX,27095,,
2026-09-22,city-autos,City Autos,vin:WEZ63E0PVFN35B8NG,price_change,2021 Toyota RAV4 XLE,15095,14495,-600
2026-09-22,city-autos,City Autos,vin:BUZUATVPPDNFHMSJU,new,2019 Toyota Corolla XSE,,7895,
2026-09-22,city-autos,City Autos,vin:0RJE9JXU5VSJZN6TL,new,2024 Toyota Camry LE,,19395,
2026-09-22,city-autos,City Autos,vin:57RH1B9PUP098P2RG,new,2019 Hyundai Elantra SEL,,7695,
2026-09-22,city-autos,City Autos,vin:MDH4DCMBGDPDG7FXY,new,2026 Nissan Rogue S,,27095,
2026-09-22,city-autos,City Autos,vin:F3TF587Z15VD1GX8B,new,2025 Toyota RAV4 XLE,,26795,
2026-09-22,city-autos,City Autos,vin:PL9TD59KNCTSGYP9S,removed,2021 Ford Escape SE,12695,,
2026-09-22,city-autos,City Autos,vin:PN6CK8GK5V7MBFU8N,removed,2023 BMW 3 Series 330i,26395,,
2026-09-22,city-autos,City Autos,vin:USZVH7AAB5T7J35V5,removed,2022 Ford F-150 XL,22795,,
2026-09-22,metro-motors,Metro Motors,vin:D79YXP3GYT7WS10GF,price_change,2020 Hyundai Tucson SEL,12095,11595,-500
2026-09-22,metro-motors,Metro Motors,vin:JVAHZA22J4KT9K9R3,removed,2026 Honda Civic EX,29495,,
2026-09-22,prime-cars,Prime Cars,vin:9L0904R7LRBNS7ETF,new,2021 Hyundai Tucson SE,,13895,
2026-09-21,city-autos,City Autos,vin:XML71MRU7WBATV38G,price_change,2024 Toyota RAV4 LE,19195,18095,-1100
2026-09-21,city-autos,City Autos,vin:5JNMJL1RYM3FS8YZ6,removed,2019 Mazda CX-5 Touring,8295,,
2026-09-21,city-autos,City Autos,vin:KTGGWN9HAM6VUFAVZ,removed,2019 Toyota Corolla XSE,8595,,
2026-09-21,city-autos,City Autos,vin:5E4BA892F34E2WN4G,removed,2022 Hyundai Elantra SEL,11295,,
2026-09-21,metro-motors,Metro Motors,vin:1JKYVKSNF7K2SY55L,price_change,2026 Ford F-150 XL,40795,38595,-2200
2026-09-21,metro-motors,Metro Motors,vin:XPHM3XSPASAGTMLN2,price_change,2025 Kia Sportage EX,27095,25895,-1200
2026-09-21,metro-motors,Metro Motors,vin:F5FVVUUX39SXDHBFJ,new,2019 Chevrolet Silverado LT,,13195,
2026-09-21,metro-motors,Metro Motors,vin:JKX5KFWK6XAM9AUS8,removed,2024 Honda Civic LX,17795,,
2026-09-21,metro-motors,Metro Motors,vin:3W2RAUKD0MHGLVRYK,removed,2021 Nissan Rogue S,12995,,
2026-09-21,metro-motors,Metro Motors,vin:BVCELL6L8HHS2B8P8,removed,2022 Nissan Rogue SV,17095,,
2026-09-21,metro-motors,Metro Motors,vin:VVLV3UAKBDEYBZRW2,removed,2025 Kia Sportage EX,27295,,
2026-09-21,prime-cars,Prime Cars,vin:4FRLPD3AWS82HKWZX,new,2025 Ford F-150 Lariat,,42295,
2026-09-21,prime-cars,Prime Cars,vin:LD2K4YVSFU307V32P,new,2025 Toyota RAV4 XLE,,28395,
2026-09-21,prime-cars,Prime Cars,vin:XKTW13JFPEUG7R5T9,new,2019 Toyota Camry SE,,9395,
2026-09-21,prime-cars,Prime Cars,vin:CPDZ6T876M5CAZR94,removed,2022 Toyota Corolla SE,13095,,
2026-09-20,city-autos,City Autos,vin:U7P1AG43EXTEZAWLS,new,2025 Toyota Camry SE,,24595,
2026-09-20,city-autos,City Autos,vin:08YWUYA9L4RU3FEHN,new,2019 Mazda CX-5 Touring,,8995,
2026-09-20,city-autos,City Autos,vin:VFZNEJBNZ3TT0WN0L,removed,2022 Nissan Rogue SV,15595,,
2026-09-20,metro-motors,Metro Motors,vin:A364JWTJMP87V1NVC,removed,2019 Ford Escape S,8395,,
2026-09-20,prime-cars,Prime Cars,vin:TEVRB9N1DCM8XDPZA,price_change,2019 Toyota RAV4 LE,10495,10095,-400
2026-09-20,prime-cars,Prime Cars,vin:R55TA60P0J78RNBGU,removed,2019 Hyundai Tucson SEL,10595,,
2026-09-19,city-autos,City Autos,vin:LX3LKFS76HVXRML4W,removed,2022 Mazda CX-5 Touring,14895,,
2026-09-19,city-autos,City Autos,vin:3YWYKPPVUPAUFNVX0,removed,2021 Toyota Camry SE,11195,,
2026-09-19,prime-cars,Prime Cars,vin:43DSU37UHMVN76DTF,new,2026 Toyota Camry LE,,29895,
2026-09-19,prime-cars,Prime Cars,vin:Y6RAJ0PCMKMSRCLY2,removed,2025 Honda CR-V Touring,31195,,
2026-09-18,city-autos,City Autos,vin:L6KNAPTJANRXHXHEG,removed,2023 Mazda CX-5 Sport,16295,,
2026-09-18,city-autos,City Autos,vin:5SN1PVERTWWL3B6VX,removed,2020 Ford Escape SE,9695,,
2026-09-18,city-autos,City Autos,vin:KA5VS9F0K7XPEF7P3,removed,2022 Mazda CX-5 Sport,14595,,
2026-09-18,metro-motors,Metro Motors,vin:WHMCHWWC27JG1TWCV,price_change,2024 Chevrolet Silverado RST,36495,35295,-1200
2026-09-18,metro-motors,Metro Motors,vin:V6PWH4VAGPN0ER6GM,new,2025 Hyundai Tucson SE,,24495,
2026-09-18,metro-motors,Metro Motors,vin:F78TNGN58RMHM7LZR,removed,2026 Honda CR-V Touring,35495,,
2026-09-18,prime-cars,Prime Cars,vin:XRE514WHLN5BSR5ND,new,2025 Honda CR-V Touring,,30195,
2026-09-17,city-autos,City Autos,vin:USZVH7AAB5T7J35V5,new,2022 Ford F-150 XL,,22795,
2026-09-17,city-autos,City Autos,vin:CAGPXKNLAK383SLTR,removed,2026 Toyota Camry LE,28095,,
2026-09-17,prime-cars,Prime Cars,vin:TAP1P3EP1E42EJU4F,removed,2024 Mazda CX-5 Touring,22695,,
2026-09-17,prime-cars,Prime Cars,vin:D5G3YYNVK00A3YYP1,removed,2021 Tesla Model 3 Long Range,18595,,
2026-09-16,city-autos,City Autos,vin:L6KNAPTJANRXHXHEG,price_change,2023 Mazda CX-5 Sport,17295,16295,-1000
2026-09-16,metro-motors,Metro Motors,vin:W95B1DDV3GPWEE6RU,new,2024 Nissan Rogue S,,21695,
2026-09-16,metro-motors,Metro Motors,vin:BAGZNBZ83YSW2NS93,removed,2020 Toyota Corolla SE,9495,,
2026-09-16,prime-cars,Prime Cars,vin:T8NBU0RG64LJ3TPTS,removed,2021 Honda CR-V EX,15295,,
2026-09-15,city-autos,City Autos,vin:0LWE14DE1SXF74C12,price_change,2026 Honda Civic LX,22795,22095,-700
2026-09-15,city-autos,City Autos,vin:KA5VS9F0K7XPEF7P3,new,2022 Mazda CX-5 Sport,,14595,
2026-09-15,city-autos,City Autos,vin:EUMVU4JN2GX7F2MN7,removed,2024 BMW 3 Series M340i,33095,,
2026-09-15,metro-motors,Metro Motors,vin:YCYR6BTFG6BARSDWE,new,2023 Hyundai Elantra SE,,12995,
2026-09-15,metro-motors,Metro Motors,vin:SYFM2R4Z4DN9BXS7C,removed,2026 Mazda CX-5 Sport,30795,,
2026-09-15,prime-cars,Prime Cars,vin:Y6RAJ0PCMKMSRCLY2,new,2025 Honda CR-V Touring,,31195,
2026-09-15,prime-cars,Prime Cars,vin:9F959RD9T2FC6A3UA,removed,2020 Toyota RAV4 LE,11695,,
2026-09-14,city-autos,City Autos,vin:XML71MRU7WBATV38G,price_change,2024 Toyota RAV4 LE,20295,19195,-1100
2026-09-14,city-autos,City Autos,vin:WX55RZLZ2YRV0C1JU,new,2020 Ford F-150 Lariat,,17395,
2026-09-14,city-autos,City Autos,vin:EUMVU4JN2GX7F2MN7,new,2024 BMW 3 Series M340i,,33095,
2026-09-14,city-autos,City Autos,vin:JFBYK4H49FLWD85FY,removed,2024 Hyundai Tucson SE,18895,,
2026-09-14,city-autos,City Autos,vin:1Z9AV82Z5AAL7M30K,removed,2022 Ford F-150 XLT,23095,,
2026-09-14,prime-cars,Prime Cars,vin:STV3LGWAPU60P854G,price_change,2022 Toyota Camry SE,15995,15395,-600
2026-09-14,prime-cars,Prime Cars,vin:6WSBCMXJZFFCP3EG7,price_change,2025 Honda CR-V EX,28795,27095,-1700
2026-09-13,city-autos,City Autos,vin:LX3LKFS76HVXRML4W,price_change,2022 Mazda CX-5 Touring,15595,14895,-700
2026-09-13,city-autos,City Autos,vin:JFBYK4H49FLWD85FY,price_change,2024 Hyundai Tucson SE,19695,18895,-800
2026-09-13,city-autos,City Autos,vin:0H427B7H98WN7R0UN,new,2025 Hyundai Tucson SE,,23695,
2026-09-13,city-autos,City Autos,vin:N2PM9KMMFCW6NMKM2,removed,2022 Mazda CX-5 Sport,14195,,
2026-09-13,metro-motors,Metro Motors,vin:TN1YST260K2RTUPGG,new,2024 Chevrolet Silverado LT,,30795,
2026-09-13,metro-motors,Metro Motors,vin:DFT02SXWFV6X25TZ8,new,2023 Nissan Rogue SV,,20295,
2026-09-13,metro-motors,Metro Motors,vin:S4BA2J36FGT5Z6CH0,removed,2019 BMW 3 Series 330i,14095,,
2026-09-13,prime-cars,Prime Cars,vin:TAP1P3EP1E42EJU4F,price_change,2024 Mazda CX-5 Touring,23895,22695,-1200
2026-09-13,prime-cars,Prime Cars,vin:5WBKNKGH3TDVEU27J,new,2025 Ford F-150 XL,,38695,
2026-09-12,city-autos,City Autos,vin:5SN1PVERTWWL3B6VX,price_change,2020 Ford Escape SE,10295,9695,-600
2026-09-12,metro-motors,Metro Motors,vin:989041M0WWTKF9EJP,new,2019 Chevrolet Silverado RST,,16195,
2026-09-12,metro-motors,Metro Motors,vin:2DN2NTN1W2MTXPWDB,new,2019 Honda CR-V EX,,11495,
2026-09-12,metro-motors,Metro Motors,vin:94UTXDGGU0DB0HVR1,removed,2021 Ford F-150 XL,19595,,
2026-09-12,metro-motors,Metro Motors,vin:94T5NAWZ9DBXWMF58,removed,2025 Honda Civic Sport,24495,,
2026-09-12,prime-cars,Prime Cars,vin:C4YK8G8CRMEC74XCT,new,2023 BMW 3 Series M340i,,28295,
2026-09-11,city-autos,City Autos,vin:LX3LKFS76HVXRML4W,price_change,2022 Mazda CX-5 Touring,16395,15595,-800
2026-09-11,city-autos,City Autos,vin:XTT8LL4FHRUFNDATV,new,2025 Ford Escape SE,,25495,
2026-09-11,city-autos,City Autos,vin:0LRMXS991V64U7C3A,new,2021 Kia Sportage EX,,13095,
2026-09-11,city-autos,City Autos,vin:ZM3E0FL2T6LHELK8U,new,2019 Toyota Corolla SE,,8095,
2026-09-11,city-autos,City Autos,vin:EKVL67BRMK1ES7AEU,removed,2020 Chevrolet Silverado RST,17195,,
2026-09-11,city-autos,City Autos,vin:5GH2A38H7RVXJ983D,removed,2020 Kia Sportage EX,10995,,
2026-09-11,city-autos,City Autos,vin:FJEUFU28R2XYYCXJE,removed,2024 Tesla Model 3 RWD,28195,,
2026-09-11,metro-motors,Metro Motors,vin:6W15AGGPSFSNAAXRK,price_change,2024 Toyota Camry SE,21995,20795,-1200
2026-09-11,metro-motors,Metro Motors,vin:W8GYLXA3V8G19RMYE,removed,2023 Toyota Camry LE,17995,,
2026-09-11,prime-cars,Prime Cars,vin:3R5HF6U4NZU4FCFY1,removed,2020 Toyota RAV4 XLE,12395,,
2026-09-10,city-autos,City Autos,vin:3YWYKPPVUPAUFNVX0,price_change,2021 Toyota Camry SE,11695,11195,-500
2026-09-10,metro-motors,Metro Motors,vin:P9VRMUK6V94TR07VY,price_change,2024 BMW 3 Series M340i,34295,33295,-1000
2026-09-10,metro-motors,Metro Motors,vin:HZRE0ZRLXDF3EZ8BC,new,2025 Ford Escape S,,25295,
2026-09-10,metro-motors,Metro Motors,vin:0Y951VJV4URLJY4Y6,removed,2019 Hyundai Elantra SEL,7995,,
2026-09-10,prime-cars,Prime Cars,vin:ZUAPVUUA3FF6HFF7N,new,2021 Toyota Corolla SE,,10895,
2026-09-10,prime-cars,Prime Cars,vin:R6BPNU64GC0YXMJNM,removed,2023 Toyota Corolla XSE,16295,,
2026-09-10,prime-cars,Prime Cars,vin:CA0XBRMYAZT008KWE,removed,2021 Honda Civic LX,11195,,
2026-09-09,city-autos,City Autos,vin:3YWYKPPVUPAUFNVX0,price_change,2021 Toyota Camry SE,12295,11695,-600
2026-09-09,metro-motors,Metro Motors,vin:JKX5KFWK6XAM9AUS8,price_change,2024 Honda Civic LX,18795,17795,-1000
2026-09-09,metro-motors,Metro Motors,vin:5TJH6VVLCFWEVKEN8,new,2024 Nissan Rogue SV,,23795,
2026-09-09,metro-motors,Metro Motors,vin:0Y951VJV4URLJY4Y6,new,2019 Hyundai Elantra SEL,,7995,
2026-09-09,metro-motors,Metro Motors,vin:BBPGZ1322T77U87M7,removed,2024 BMW 3 Series 330i,34895,,
2026-09-08,city-autos,City Autos,vin:8CCJMRU90TH839GLN,new,2021 Chevrolet Silverado RST,,18995,
2026-09-08,city-autos,City Autos,vin:1Z9AV82Z5AAL7M30K,new,2022 Ford F-150 XLT,,23095,
2026-09-08,city-autos,City Autos,vin:4KHVNJCMDMZ841LT4,new,2025 Kia Sportage LX,,22495,
2026-09-08,city-autos,City Autos,vin:FJEUFU28R2XYYCXJE,new,2024 Tesla Model 3 RWD,,28195,
2026-09-08,city-autos,City Autos,vin:4THHKU492JZZEWTTU,removed,2024 Toyota Corolla SE,17995,,
2026-09-08,prime-cars,Prime Cars,vin:TEVRB9N1DCM8XDPZA,price_change,2019 Toyota RAV4 LE,11095,10495,-600
2026-09-08,prime-cars,Prime Cars,vin:T8NBU0RG64LJ3TPTS,new,2021 Honda CR-V EX,,15295,
2026-09-07,city-autos,City Autos,vin:5JNMJL1RYM3FS8YZ6,price_change,2019 Mazda CX-5 Touring,8595,8295,-300
2026-09-07,city-autos,City Autos,vin:ZEU70FYL0XRYCRMGU,removed,2025 Nissan Rogue S,21495,,
2026-09-07,city-autos,City Autos,vin:N2F356MDC9RFMLMEU,removed,2020 Honda Civic Sport,9795,,
2026-09-07,city-autos,City Autos,vin:R455F5B0X39AAG3GW,removed,2020 Ford F-150 XLT,16995,,
2026-09-07,metro-motors,Metro Motors,vin:XY8S90W5J53DFEZVT,removed,2020 Toyota Camry SE,11795,,
2026-09-07,prime-cars,Prime Cars,vin:PXTJ0HJGY8E60V05F,removed,2023 Tesla Model 3 RWD,24495,,
2026-09-06,metro-motors,Metro Motors,vin:1JKYVKSNF7K2SY55L,price_change,2026 Ford F-150 XL,43195,40795,-2400
2026-09-05,city-autos,City Autos,vin:JFBYK4H49FLWD85FY,price_change,2024 Hyundai Tucson SE,20595,19695,-900
2026-09-05,city-autos,City Autos,vin:CAGPXKNLAK383SLTR,price_change,2026 Toyota Camry LE,29795,28095,-1700
2026-09-05,city-autos,City Autos,vin:VFZNEJBNZ3TT0WN0L,new,2022 Nissan Rogue SV,,15595,
2026-09-05,city-autos,City Autos,vin:SJZFZTULF81S3K3CZ,removed,2020 Chevrolet Silverado LT,15995,,
2026-09-05,metro-motors,Metro Motors,vin:W8GYLXA3V8G19RMYE,new,2023 Toyota Camry LE,,17995,
2026-09-05,metro-motors,Metro Motors,vin:BVCELL6L8HHS2B8P8,new,2022 Nissan Rogue SV,,17095,
2026-09-05,metro-motors,Metro Motors,vin:Z8DN5FK12G9G8XNFN,new,2020 Honda Civic LX,,9895,
2026-09-05,metro-motors,Metro Motors,vin:94T5NAWZ9DBXWMF58,new,2025 Honda Civic Sport,,24495,
2026-09-05,metro-motors,Metro Motors,vin:VVLV3UAKBDEYBZRW2,new,2025 Kia Sportage EX,,27295,
2026-09-05,metro-motors,Metro Motors,vin:20F5YA3T6KCMWPS4N,removed,2024 Ford Escape SE,22295,,
2026-09-04,city-autos,City Autos,vin:VGDTVUJKG3LMAPP55,price_change,2025 Toyota Corolla LE,20895,19795,-1100
2026-09-04,city-autos,City Autos,vin:5GH2A38H7RVXJ983D,new,2020 Kia Sportage EX,,10995,
2026-09-04,metro-motors,Metro Motors,vin:G84NTX4DBJ6483SLN,removed,2020 Kia Sportage LX,9695,,
2026-09-03,city-autos,City Autos,vin:L6KNAPTJANRXHXHEG,price_change,2023 Mazda CX-5 Sport,18295,17295,-1000
2026-09-03,city-autos,City Autos,vin:SJZFZTULF81S3K3CZ,new,2020 Chevrolet Silverado LT,,15995,
2026-09-03,city-autos,City Autos,vin:XEHGL1M6HYHJU3KRZ,removed,2024 Toyota Camry SE,21995,,
2026-09-03,city-autos,City Autos,vin:6KS4P6XTYGML9S1FH,removed,2020 Toyota Camry LE,10395,,
2026-09-03,metro-motors,Metro Motors,vin:C6BJKDRY4MCJ6A2DE,price_change,2024 Toyota RAV4 XLE,26695,25795,-900
2026-09-03,metro-motors,Metro Motors,vin:SHNHKDT4N7T63A6AK,new,2020 Ford Escape S,,10695,
2026-09-03,metro-motors,Metro Motors,vin:DXDVRZ41V2U1XXWZ2,removed,2024 Chevrolet Silverado LT,31595,,
2026-09-03,metro-motors,Metro Motors,vin:J9N2SAYXS5DEGBN7C,removed,2020 Toyota Camry SE,12695,,
2026-09-03,prime-cars,Prime Cars,vin:STV3LGWAPU60P854G,price_change,2022 Toyota Camry SE,16795,15995,-800
2026-09-02,city-autos,City Autos,vin:831WF9XT1FGMHW0ZZ,price_change,2022 Kia Sportage EX,14995,14395,-600
2026-09-02,city-autos,City Autos,vin:6KS4P6XTYGML9S1FH,new,2020 Toyota Camry LE,,10395,
2026-09-02,city-autos,City Autos,vin:S8ELL1DT2X1AXGXCR,removed,2020 Nissan Rogue SV,10895,,
2026-09-02,metro-motors,Metro Motors,vin:G84NTX4DBJ6483SLN,price_change,2020 Kia Sportage LX,10295,9695,-600
2026-09-02,metro-motors,Metro Motors,vin:20F5YA3T6KCMWPS4N,new,2024 Ford Escape SE,,22295,
2026-09-02,metro-motors,Metro Motors,vin:9T9XN2KNY2U1NXJCP,removed,2026 Nissan Rogue S,28895,,
2026-09-02,metro-motors,Metro Motors,vin:0HX8XJYW1N8XEL1S1,removed,2024 Ford F-150 Lariat,38395,,
2026-09-02,metro-motors,Metro Motors,vin:RWNW8FKSML8PNP6R7,removed,2024 Ford Escape S,21195,,
2026-09-02,prime-cars,Prime Cars,vin:8HZ0MLB9W7KLKCZJC,price_change,2021 Ford F-150 XLT,19895,18695,-1200
2026-09-02,prime-cars,Prime Cars,vin:9T4N9M2WGXEMG894U,new,2019 Honda CR-V Touring,,10695,
2026-09-02,prime-cars,Prime Cars,vin:YHPC5HJZPUT5SZZU7,new,2019 Kia Sportage EX,,9995,
2026-09-01,prime-cars,Prime Cars,vin:EU4WMCKTEWDM48HLL,removed,2025 Hyundai Tucson SEL,27495,,
2026-09-01,prime-cars,Prime Cars,vin:GEURSDKFDCZUC0RNW,removed,2026 BMW 3 Series M340i,47095,,
2026-08-31,city-autos,City Autos,vin:ZEU70FYL0XRYCRMGU,price_change,2025 Nissan Rogue S,22795,21495,-1300
2026-08-31,metro-motors,Metro Motors,vin:KPBUMMY55HL50LKJU,new,2024 Toyota Camry SE,,23295,
2026-08-31,metro-motors,Metro Motors,vin:GCV6XJ457MH7BFK5F,new,2023 Toyota Corolla SE,,15895,
2026-08-31,metro-motors,Metro Motors,vin:U4KDHN8L20MGRTMCG,removed,2024 Tesla Model 3 Long Range,32695,,
2026-08-31,metro-motors,Metro Motors,vin:2LYL9F6Y5CDJBCZZA,removed,2021 Nissan Rogue S,12995,,
2026-08-30,city-autos,City Autos,vin:XML71MRU7WBATV38G,price_change,2024 Toyota RAV4 LE,20995,20295,-700
2026-08-30,city-autos,City Autos,vin:PN6CK8GK5V7MBFU8N,new,2023 BMW 3 Series 330i,,26395,
2026-08-30,city-autos,City Autos,vin:DWUH9VKS1XT3AV1Y2,removed,2019 Kia Sportage LX,8895,,
2026-08-30,metro-motors,Metro Motors,vin:6JF9EPT1UJAGT3E1V,new,2026 BMW 3 Series 330i,,48295,
2026-08-30,metro-motors,Metro Motors,vin:1EJUPP5UKE6NY13VV,removed,2026 Hyundai Elantra SEL,24295,,
2026-08-30,prime-cars,Prime Cars,vin:3R5HF6U4NZU4FCFY1,new,2020 Toyota RAV4 XLE,,12395,
2026-08-30,prime-cars,Prime Cars,vin:7W9B0UGHC0D9YZBXT,removed,2019 Mazda CX-5 Touring,10595,,
2026-08-29,metro-motors,Metro Motors,vin:3W2RAUKD0MHGLVRYK,new,2021 Nissan Rogue S,,12995,
2026-08-29,metro-motors,Metro Motors,vin:S4BA2J36FGT5Z6CH0,new,2019 BMW 3 Series 330i,,14095,
2026-08-29,metro-motors,Metro Motors,vin:UR2F1FHG6BB87SV0F,removed,2021 Chevrolet Silverado LT,20295,,
2026-08-29,metro-motors,Metro Motors,vin:SRTWMU7FVCNUV922Z,removed,2024 BMW 3 Series 330i,32795,,
2026-08-29,prime-cars,Prime Cars,vin:8HZ0MLB9W7KLKCZJC,price_change,2021 Ford F-150 XLT,20695,19895,-800
2026-08-29,prime-cars,Prime Cars,vin:173A7YMGTRUX9H642,new,2025 Hyundai Elantra SEL,,19495,
2026-08-28,metro-motors,Metro Motors,vin:JHRF26MB5AR24PNNM,new,2020 Ford F-150 Lariat,,20095,
2026-08-28,metro-motors,Metro Motors,vin:CC9DXX8WM54W4LLG9,removed,2025 Honda CR-V Touring,30295,,
2026-08-28,prime-cars,Prime Cars,vin:X10RKHNFR6N2WTU1B,new,2026 BMW 3 Series 330i,,44295,
2026-08-27,city-autos,City Autos,vin:R455F5B0X39AAG3GW,new,2020 Ford F-150 XLT,,16995,
2026-08-27,city-autos,City Autos,vin:WEZ63E0PVFN35B8NG,new,2021 Toyota RAV4 XLE,,15095,
2026-08-27,city-autos,City Autos,vin:C3XF37WLZKLJHV11V,new,2023 Kia Sportage EX,,17495,
2026-08-27,city-autos,City Autos,vin:3KFUE5LW3Z1HP46KM,removed,2021 Hyundai Tucson SE,12695,,
2026-08-27,city-autos,City Autos,vin:GUSDSAUVWGW4G5ZRF,removed,2026 Kia Sportage LX,29195,,
2026-08-27,city-autos,City Autos,vin:8ATPBKSH9FJV4DW3K,removed,2023 Tesla Model 3 RWD,22695,,
2026-08-27,metro-motors,Metro Motors,vin:1JKYVKSNF7K2SY55L,price_change,2026 Ford F-150 XL,45795,43195,-2600
2026-08-27,metro-motors,Metro Motors,vin:D6K1MKVCK48F926BR,new,2021 Mazda CX-5 Touring,,14095,
2026-08-27,metro-motors,Metro Motors,vin:RKANSLFNU8ELJZUJS,removed,2026 Hyundai Tucson SE,29095,,
2026-08-27,prime-cars,Prime Cars,vin:EU4WMCKTEWDM48HLL,price_change,2025 Hyundai Tucson SEL,28495,27495,-1000
2026-08-27,prime-cars,Prime Cars,vin:8RH3PBZS06SA3G37Z,removed,2022 Honda CR-V Touring,17995,,
2026-08-27,prime-cars,Prime Cars,vin:S71D975LP2GF46B1Z,removed,2022 Tesla Model 3 Long Range,21095,,
2026-08-26,city-autos,City Autos,vin:LX3LKFS76HVXRML4W,price_change,2022 Mazda CX-5 Touring,17295,16395,-900
2026-08-26,metro-motors,Metro Motors,vin:1JKYVKSNF7K2SY55L,price_change,2026 Ford F-150 XL,47795,45795,-2000
2026-08-26,prime-cars,Prime Cars,vin:GEURSDKFDCZUC0RNW,new,2026 BMW 3 Series M340i,,47095,
2026-08-25,city-autos,City Autos,vin:831WF9XT1FGMHW0ZZ,price_change,2022 Kia Sportage EX,15895,14995,-900
2026-08-25,city-autos,City Autos,vin:KTGGWN9HAM6VUFAVZ,new,2019 Toyota Corolla XSE,,8595,
2026-08-25,city-autos,City Autos,vin:5E4BA892F34E2WN4G,new,2022 Hyundai Elantra SEL,,11295,
2026-08-25,city-autos,City Autos,vin:YY7PS0UCUWETEWB1C,removed,2023 Ford F-150 XLT,28195,,
2026-08-25,metro-motors,Metro Motors,vin:DXDVRZ41V2U1XXWZ2,price_change,2024 Chevrolet Silverado LT,33295,31595,-1700
2026-08-25,metro-motors,Metro Motors,vin:WHMCHWWC27JG1TWCV,new,2024 Chevrolet Silverado RST,,36495,
2026-08-25,metro-motors,Metro Motors,vin:48GEHGTNXH4GVDP78,new,2026 Toyota RAV4 XLE,,34895,
2026-08-25,metro-motors,Metro Motors,vin:F76E8ECKNMYXTE454,new,2022 Toyota Camry LE,,15095,
2026-08-25,metro-motors,Metro Motors,vin:G0BYC2PZFUHRRDD6P,new,2020 Honda Civic Sport,,10695,
2026-08-25,metro-motors,Metro Motors,vin:HTH59U8FSFB02HASY,removed,2019 Honda CR-V EX,10995,,
2026-08-25,metro-motors,Metro Motors,vin:V28SLRXASXFKVCVVE,removed,2023 BMW 3 Series M340i,29595,,
2026-08-25,metro-motors,Metro Motors,vin:MD2FA1P62FPBDTUN5,removed,2023 Toyota RAV4 LE,18895,,
2026-08-25,metro-motors,Metro Motors,vin:UK95AGKK7RG4MKP5H,removed,2025 Chevrolet Silverado LT,36495,,
2026-08-25,prime-cars,Prime Cars,vin:UAHV8YH8N1WYE2Z0S,removed,2021 Kia Sportage EX,14895,,
2026-08-24,city-autos,City Autos,vin:LMARA7XJH7KHZ3ZZ3,new,2022 BMW 3 Series 330i,,22695,
2026-08-24,city-autos,City Autos,vin:2JGFLZUUH13RGMU0D,removed,2019 Ford F-150 XL,14095,,
2026-08-24,city-autos,City Autos,vin:0HM0UMBP8U5XPYSA9,removed,2026 Toyota Camry LE,27695,,
2026-08-24,metro-motors,Metro Motors,vin:2LYL9F6Y5CDJBCZZA,new,2021 Nissan Rogue S,,12995,
2026-08-24,metro-motors,Metro Motors,vin:UK95AGKK7RG4MKP5H,new,2025 Chevrolet Silverado LT,,36495,
2026-08-24,metro-motors,Metro Motors,vin:6P47AJ0J9L6JFKFTR,new,2021 Hyundai Tucson SEL,,15095,
2026-08-24,metro-motors,Metro Motors,vin:C7VXZ8X74BFMRAC2N,removed,2025 Toyota Camry SE,26895,,
2026-08-24,metro-motors,Metro Motors,vin:R67MABS85ST02PCZF,removed,2025 Tesla Model 3 Long Range,35795,,
2026-08-24,metro-motors,Metro Motors,vin:SDTU1MAEB5YU57U0H,removed,2024 Hyundai Elantra SEL,16595,,
2026-08-24,prime-cars,Prime Cars,vin:XKZHBDLZHGCVWJW16,price_change,2021 Toyota Corolla SE,10895,10395,-500
2026-08-24,prime-cars,Prime Cars,vin:PXTJ0HJGY8E60V05F,new,2023 Tesla Model 3 RWD,,24495,
2026-08-23,city-autos,City Autos,vin:5JNMJL1RYM3FS8YZ6,price_change,2019 Mazda CX-5 Touring,8995,8595,-400
2026-08-23,city-autos,City Autos,vin:S8ELL1DT2X1AXGXCR,new,2020 Nissan Rogue SV,,10895,
2026-08-23,metro-motors,Metro Motors,vin:XPHM3XSPASAGTMLN2,new,2025 Kia Sportage EX,,27095,
2026-08-23,metro-motors,Metro Motors,vin:JX89C7405R274MEPB,removed,2026 Toyota Camry SE,30095,,
2026-08-23,prime-cars,Prime Cars,vin:UAHV8YH8N1WYE2Z0S,new,2021 Kia Sportage EX,,14895,
2026-08-23,prime-cars,Prime Cars,vin:EL5DJT7KFY7J2TZ81,removed,2020 Chevrolet Silverado RST,17795,,
2026-08-23,prime-cars,Prime Cars,vin:F72NZFWVXVFKA2UK4,removed,2020 Toyota Camry SE,11295,,
2026-08-22,city-autos,City Autos,vin:D148Y3P8BGCRS0370,removed,2023 BMW 3 Series 330i,25495,,
2026-08-22,metro-motors,Metro Motors,vin:RKANSLFNU8ELJZUJS,new,2026 Hyundai Tucson SE,,29095,
2026-08-22,metro-motors,Metro Motors,vin:U4KDHN8L20MGRTMCG,new,2024 Tesla Model 3 Long Range,,32695,
2026-08-22,metro-motors,Metro Motors,vin:DZ6VMSWS4JZLX7H0S,removed,2023 Nissan Rogue S,18995,,
2026-08-22,prime-cars,Prime Cars,vin:F72NZFWVXVFKA2UK4,new,2020 Toyota Camry SE,,11295,
2026-08-22,prime-cars,Prime Cars,vin:CA0XBRMYAZT008KWE,new,2021 Honda Civic LX,,11195,
2026-08-22,prime-cars,Prime Cars,vin:NV201XGSSNB2PX3GB,removed,2026 Toyota Corolla LE,25395,,
2026-08-21,city-autos,City Autos,vin:5SN1PVERTWWL3B6VX,new,2020 Ford Escape SE,,10295,
2026-08-21,city-autos,City Autos,vin:M37RV3M5NH36SSEAU,removed,2026 Toyota Corolla SE,23495,,
2026-08-21,metro-motors,Metro Motors,vin:SYFM2R4Z4DN9BXS7C,new,2026 Mazda CX-5 Sport,,30795,
2026-08-21,metro-motors,Metro Motors,vin:L6GBULBUXECCNRYHR,removed,2026 Hyundai Tucson SE,32195,,
2026-08-21,metro-motors,Metro Motors,vin:G45Y68R697FSGCYZ1,removed,2019 Nissan Rogue S,10495,,
2026-08-21,prime-cars,Prime Cars,vin:S71D975LP2GF46B1Z,new,2022 Tesla Model 3 Long Range,,21095,
2026-08-21,prime-cars,Prime Cars,vin:PYUHH94SM3UWPB655,removed,2026 Honda Civic EX,29095,,
2026-08-21,prime-cars,Prime Cars,vin:S6H0F2FE9PWVYA423,removed,2022 Toyota RAV4 LE,16995,,
2026-08-20,metro-motors,Metro Motors,vin:0HX8XJYW1N8XEL1S1,new,2024 Ford F-150 Lariat,,38395,
2026-08-20,metro-motors,Metro Motors,vin:RWNW8FKSML8PNP6R7,new,2024 Ford Escape S,,21195,
2026-08-20,metro-motors,Metro Motors,vin:4SE0SVV68FDKUN75U,removed,2021 Ford Escape S,13095,,
2026-08-20,prime-cars,Prime Cars,vin:R55TA60P0J78RNBGU,new,2019 Hyundai Tucson SEL,,10595,
2026-08-20,prime-cars,Prime Cars,vin:SF4DFC04Y7LNR7BWU,removed,2021 Ford Escape S,11795,,
2026-08-19,city-autos,City Autos,vin:F25J0JSAETMRV23AE,new,2023 Toyota Corolla SE,,14995,
2026-08-19,city-autos,City Autos,vin:AC2RXKGZLAPA2FR5K,removed,2021 Honda Civic Sport,11395,,
2026-08-19,metro-motors,Metro Motors,vin:G45Y68R697FSGCYZ1,new,2019 Nissan Rogue S,,10495,
2026-08-19,metro-motors,Metro Motors,vin:JVAHZA22J4KT9K9R3,new,2026 Honda Civic EX,,29495,
2026-08-19,metro-motors,Metro Motors,vin:09K9Y3X4E9TVFPG35,removed,2021 Tesla Model 3 Long Range,20595,,
2026-08-19,metro-motors,Metro Motors,vin:PZX4DG5C3LYM3HESX,removed,2025 Ford Escape SE,24795,,
2026-08-19,metro-motors,Metro Motors,vin:3K9J4LRV7XVUHD1R3,removed,2023 Nissan Rogue SV,20595,,
2026-08-18,metro-motors,Metro Motors,vin:CC9DXX8WM54W4LLG9,new,2025 Honda CR-V Touring,,30295,
2026-08-18,metro-motors,Metro Motors,vin:BAGZNBZ83YSW2NS93,new,2020 Toyota Corolla SE,,9495,
2026-08-18,metro-motors,Metro Motors,vin:CZ18LJC07248H9KUN,removed,2022 Hyundai Tucson SE,16095,,
2026-08-18,prime-cars,Prime Cars,vin:EL5DJT7KFY7J2TZ81,new,2020 Chevrolet Silverado RST,,17795,
2026-08-18,prime-cars,Prime Cars,vin:YHWPVY5AZ8JTZMVED,new,2020 Toyota Corolla XSE,,9695,
2026-08-18,prime-cars,Prime Cars,vin:YB48BLDZ9NWZJ34XP,removed,2025 Nissan Rogue SV,24995,,
2026-08-18,prime-cars,Prime Cars,vin:VM8PZGD73B70N33B8,removed,2019 Ford F-150 Lariat,16495,,
2026-08-17,city-autos,City Autos,vin:DWUH9VKS1XT3AV1Y2,new,2019 Kia Sportage LX,,8895,
2026-08-17,city-autos,City Autos,vin:2RR2FNSJ2P0YRBJ0T,removed,2025 BMW 3 Series 330i,36895,,
2026-08-17,metro-motors,Metro Motors,vin:94UTXDGGU0DB0HVR1,new,2021 Ford F-150 XL,,19595,
2026-08-17,metro-motors,Metro Motors,vin:NB7KFKM345205Y0ZL,removed,2021 Ford F-150 XLT,20995,,
2026-08-17,metro-motors,Metro Motors,vin:R0H1URN3EVUYXCP80,removed,2025 Honda CR-V Touring,30795,,
2026-08-16,city-autos,City Autos,vin:XEHGL1M6HYHJU3KRZ,new,2024 Toyota Camry SE,,21995,
2026-08-16,city-autos,City Autos,vin:WB0XXHAHSE4WKCDFE,removed,2023 Ford F-150 XLT,28895,,
2026-08-16,prime-cars,Prime Cars,vin:6WSBCMXJZFFCP3EG7,new,2025 Honda CR-V EX,,28795,
2026-08-16,prime-cars,Prime Cars,vin:FMMS5PCT96V9B7PRV,removed,2020 Ford Escape SE,10995,,
2026-08-15,city-autos,City Autos,vin:4THHKU492JZZEWTTU,new,2024 Toyota Corolla SE,,17995,
2026-08-15,city-autos,City Autos,vin:X6HVYWESVXDK52NY6,removed,2022 Hyundai Tucson SE,14495,,
2026-08-15,metro-motors,Metro Motors,vin:MD2FA1P62FPBDTUN5,new,2023 Toyota RAV4 LE,,18895,
2026-08-15,metro-motors,Metro Motors,vin:CT07C28R64SBH3EN3,removed,2022 Ford F-150 XL,23995,,
2026-08-15,prime-cars,Prime Cars,vin:RPP6ABA086CJ9D3CC,new,2024 Honda Civic Sport,,20195,
2026-08-15,prime-cars,Prime Cars,vin:CPDZ6T876M5CAZR94,new,2022 Toyota Corolla SE,,13095,
2026-08-15,prime-cars,Prime Cars,vin:LVUBRW9U087RPXT0C,removed,2019 Hyundai Tucson SE,10195,,
2026-08-15,prime-cars,Prime Cars,vin:F714HA8E10ALFR1BE,removed,2026 Nissan Rogue SV,31895,,
2026-08-14,city-autos,City Autos,vin:9B7RSH6NXBY94M1WJ,new,2019 Honda Civic Sport,,7595,
2026-08-14,city-autos,City Autos,vin:2DA7YK9E878ECR1UV,removed,2022 Kia Sportage EX,15095,,
2026-08-14,metro-motors,Metro Motors,vin:SDTU1MAEB5YU57U0H,new,2024 Hyundai Elantra SEL,,16595,
2026-08-14,metro-motors,Metro Motors,vin:1EJUPP5UKE6NY13VV,new,2026 Hyundai Elantra SEL,,24295,
2026-08-14,metro-motors,Metro Motors,vin:WA4YSTD8MGPSSXBDP,new,2024 Toyota RAV4 XLE,,26795,
2026-08-14,metro-motors,Metro Motors,vin:0ZDBBSZBDPFEMLYTX,removed,2022 Toyota Camry LE,16095,,
2026-08-14,prime-cars,Prime Cars,vin:VM8PZGD73B70N33B8,new,2019 Ford F-150 Lariat,,16495,
2026-08-14,prime-cars,Prime Cars,vin:PE3UPKCH1UR9YMCRX,removed,2022 Toyota Corolla SE,13495,,
2026-08-13,city-autos,City Autos,vin:CAGPXKNLAK383SLTR,new,2026 Toyota Camry LE,,29795,
2026-08-13,city-autos,City Autos,vin:C0FXB8PGLWHGAE25M,removed,2022 Toyota RAV4 XLE,18295,,
2026-08-13,metro-motors,Metro Motors,vin:784AF1DC7JWJ30BR9,removed,2019 Kia Sportage LX,8695,,
2026-08-13,metro-motors,Metro Motors,vin:M21X0X4C37FP12TR8,removed,2024 Hyundai Tucson SEL,24995,,
2026-08-13,prime-cars,Prime Cars,vin:PE3UPKCH1UR9YMCRX,new,2022 Toyota Corolla SE,,13495,
2026-08-13,prime-cars,Prime Cars,vin:S6H0F2FE9PWVYA423,new,2022 Toyota RAV4 LE,,16995,
2026-08-13,prime-cars,Prime Cars,vin:F714HA8E10ALFR1BE,new,2026 Nissan Rogue SV,,31895,
2026-08-13,prime-cars,Prime Cars,vin:G2A5YDDAEG56W867P,removed,2022 Tesla Model 3 RWD,20895,,
2026-08-12,metro-motors,Metro Motors,vin:JKX5KFWK6XAM9AUS8,new,2024 Honda Civic LX,,18795,
2026-08-12,metro-motors,Metro Motors,vin:DZ6VMSWS4JZLX7H0S,new,2023 Nissan Rogue S,,18995,
2026-08-12,metro-motors,Metro Motors,vin:3K9J4LRV7XVUHD1R3,new,2023 Nissan Rogue SV,,20595,
2026-08-12,metro-motors,Metro Motors,vin:0ZDBBSZBDPFEMLYTX,new,2022 Toyota Camry LE,,16095,
2026-08-12,metro-motors,Metro Motors,vin:J9N2SAYXS5DEGBN7C,new,2020 Toyota Camry SE,,12695,
2026-08-12,metro-motors,Metro Motors,vin:L6GBULBUXECCNRYHR,new,2026 Hyundai Tucson SE,,32195,
2026-08-12,metro-motors,Metro Motors,vin:HW35GVSUFJRSFAFAD,removed,2022 Chevrolet Silverado LT,23995,,
2026-08-12,prime-cars,Prime Cars,vin:E14E09E76UF19KAZ0,removed,2026 Honda CR-V Touring,37095,,
2026-08-11,city-autos,City Autos,vin:L6KNAPTJANRXHXHEG,new,2023 Mazda CX-5 Sport,,18295,
2026-08-11,city-autos,City Autos,vin:TGWT7YW9K2FAS0XRB,removed,2020 Toyota Corolla SE,9795,,
2026-08-11,metro-motors,Metro Motors,vin:UPSHV1JF2UGNKUK9J,removed,2026 Toyota Corolla XSE,29495,,
2026-08-11,metro-motors,Metro Motors,vin:0M9LJWT83B583ASHT,removed,2025 Toyota RAV4 XLE,28295,,
2026-08-11,metro-motors,Metro Motors,vin:F4N9SWLTYV6EEMECN,removed,2025 Chevrolet Silverado RST,38695,,
2026-08-11,prime-cars,Prime Cars,vin:G2A5YDDAEG56W867P,new,2022 Tesla Model 3 RWD,,20895,
2026-08-11,prime-cars,Prime Cars,vin:M46YGZAHS4XU6G710,removed,2023 Honda CR-V EX,20495,,
2026-08-10,city-autos,City Autos,vin:0HM0UMBP8U5XPYSA9,new,2026 Toyota Camry LE,,27695,
2026-08-10,city-autos,City Autos,vin:D148Y3P8BGCRS0370,new,2023 BMW 3 Series 330i,,25495,
2026-08-10,city-autos,City Autos,vin:UJGK2H2GWL1V4HRRG,removed,2025 Nissan Rogue S,24895,,
2026-08-10,city-autos,City Autos,vin:Z9TD0S48K6V09LBZ2,removed,2025 Honda CR-V EX,26495,,
2026-08-10,metro-motors,Metro Motors,vin:CBJ9SZXFJ00R7SBMF,removed,2026 Nissan Rogue SV,33795,,
2026-08-10,prime-cars,Prime Cars,vin:ZVZAJF87ZLNKUVF8Y,new,2020 Ford F-150 Lariat,,19395,
2026-08-09,metro-motors,Metro Motors,vin:4AUL0V19V4RY1VLHA,removed,2022 Tesla Model 3 Long Range,20795,,
2026-08-09,prime-cars,Prime Cars,vin:SF4DFC04Y7LNR7BWU,new,2021 Ford Escape S,,11795,
2026-08-08,metro-motors,Metro Motors,vin:C6BJKDRY4MCJ6A2DE,new,2024 Toyota RAV4 XLE,,26695,
2026-08-08,metro-motors,Metro Motors,vin:NM303U3PVKU2CJ442,removed,2025 Toyota Corolla XSE,23695,,
2026-08-08,prime-cars,Prime Cars,vin:E14E09E76UF19KAZ0,new,2026 Honda CR-V Touring,,37095,
2026-08-08,prime-cars,Prime Cars,vin:L3K594AUTPLGSYZBA,removed,2023 Hyundai Tucson SE,17595,,
2026-08-07,city-autos,City Autos,vin:AC2RXKGZLAPA2FR5K,new,2021 Honda Civic Sport,,11395,
2026-08-07,city-autos,City Autos,vin:GL1A8CHETBYCEFMXU,removed,2026 Hyundai Elantra SEL,24195,,
2026-08-07,metro-motors,Metro Motors,vin:XY8S90W5J53DFEZVT,new,2020 Toyota Camry SE,,11795,
2026-08-07,metro-motors,Metro Motors,vin:D79YXP3GYT7WS10GF,new,2020 Hyundai Tucson SEL,,12095,
2026-08-07,metro-motors,Metro Motors,vin:B9UNW1NZRGMRDGW0M,removed,2022 Hyundai Tucson SEL,16095,,
2026-08-07,prime-cars,Prime Cars,vin:E2LECXH8EE3ZD5ZPK,removed,2022 Chevrolet Silverado RST,24095,,
2026-08-07,prime-cars,Prime Cars,vin:3WPN1J201014K8ZGL,removed,2022 Toyota Corolla XSE,13895,,
2026-08-06,city-autos,City Autos,vin:M37RV3M5NH36SSEAU,new,2026 Toyota Corolla SE,,23495,
2026-08-06,city-autos,City Autos,vin:8ATPBKSH9FJV4DW3K,new,2023 Tesla Model 3 RWD,,22695,
2026-08-06,city-autos,City Autos,vin:ULW8RH1UK1YTMUET3,removed,2023 Nissan Rogue SV,18695,,
2026-08-06,city-autos,City Autos,vin:20PJ8A4FVPCNVP3XK,removed,2023 Kia Sportage LX,17595,,
2026-08-06,metro-motors,Metro Motors,vin:9G6B1U4JGL0YLDL7D,removed,2021 Tesla Model 3 RWD,17195,,
2026-08-05,city-autos,City Autos,vin:XML71MRU7WBATV38G,new,2024 Toyota RAV4 LE,,20995,
2026-08-05,city-autos,City Autos,vin:N2PM9KMMFCW6NMKM2,new,2022 Mazda CX-5 Sport,,14195,
2026-08-05,city-autos,City Autos,vin:YY7PS0UCUWETEWB1C,new,2023 Ford F-150 XLT,,28195,
2026-08-05,city-autos,City Autos,vin:NJZ6UTGU3L8WJV679,removed,2024 Mazda CX-5 Sport,21595,,
2026-08-05,prime-cars,Prime Cars,vin:D5G3YYNVK00A3YYP1,new,2021 Tesla Model 3 Long Range,,18595,
2026-08-05,prime-cars,Prime Cars,vin:W7SA4FX15YXH31G56,removed,2026 Ford Escape S,27395,,
2026-08-05,prime-cars,Prime Cars,vin:ALSSRPWAADF77JG7M,removed,2022 Nissan Rogue S,15195,,
2026-08-04,city-autos,City Autos,vin:P9YDGZUB4PCAGR5B4,removed,2022 Chevrolet Silverado LT,21295,,
2026-08-04,city-autos,City Autos,vin:2ZE68SLGY4U1BELUY,removed,2024 Kia Sportage LX,20195,,
2026-08-04,prime-cars,Prime Cars,vin:FMMS5PCT96V9B7PRV,new,2020 Ford Escape SE,,10995,
2026-08-04,prime-cars,Prime Cars,vin:YB48BLDZ9NWZJ34XP,new,2025 Nissan Rogue SV,,24995,
2026-08-04,prime-cars,Prime Cars,vin:R6BPNU64GC0YXMJNM,new,2023 Toyota Corolla XSE,,16295,
2026-08-04,prime-cars,Prime Cars,vin:3WPN1J201014K8ZGL,new,2022 Toyota Corolla XSE,,13895,
2026-08-04,prime-cars,Prime Cars,vin:8B5BHUJTCDTJYANSK,removed,2022 Honda Civic EX,15595,,
2026-08-03,city-autos,City Autos,vin:2ZE68SLGY4U1BELUY,new,2024 Kia Sportage LX,,20195,
2026-08-03,city-autos,City Autos,vin:GUSDSAUVWGW4G5ZRF,new,2026 Kia Sportage LX,,29195,
2026-08-03,city-autos,City Autos,vin:X6HVYWESVXDK52NY6,new,2022 Hyundai Tucson SE,,14495,
2026-08-03,metro-motors,Metro Motors,vin:CBJ9SZXFJ00R7SBMF,new,2026 Nissan Rogue SV,,33795,
2026-08-03,metro-motors,Metro Motors,vin:7ZBGWHLRFDSZ8YYSM,removed,2021 Toyota Corolla XSE,11795,,
2026-08-03,prime-cars,Prime Cars,vin:PYUHH94SM3UWPB655,new,2026 Honda Civic EX,,29095,
2026-08-03,prime-cars,Prime Cars,vin:8RH3PBZS06SA3G37Z,new,2022 Honda CR-V Touring,,17995,
2026-08-03,prime-cars,Prime Cars,vin:28TUE5E2LX3H77TYV,removed,2020 Hyundai Elantra SE,7895,,
2026-08-03,prime-cars,Prime Cars,vin:MSX57U8ZCB7KZBAB7,removed,2020 Tesla Model 3 RWD,14295,,
2026-08-02,city-autos,City Autos,vin:HUPVWLUV6J16FWB6N,removed,2023 Mazda CX-5 Sport,17095,,
2026-08-02,city-autos,City Autos,vin:L06P7UFLPUUWMU62J,removed,2022 Mazda CX-5 Sport,13895,,
2026-08-02,metro-motors,Metro Motors,vin:F78TNGN58RMHM7LZR,new,2026 Honda CR-V Touring,,35495,
2026-08-02,metro-motors,Metro Motors,vin:W26ZR5S2PC4EEGH3A,removed,2026 Ford F-150 Lariat,53095,,
2026-08-02,prime-cars,Prime Cars,vin:SB57KZGLVVEWPFPEH,removed,2025 Kia Sportage EX,25295,,
2026-08-02,prime-cars,Prime Cars,vin:CPKXM7NGCWHEL0PVB,removed,2021 Honda CR-V EX,13795,,
2026-08-02,prime-cars,Prime Cars,vin:7LHY34DXW3X52SFXG,removed,2020 Ford F-150 XLT,16595,,
2026-08-01,city-autos,City Autos,vin:MHH1K766RHXLT9DW5,removed,2023 Mazda CX-5 Sport,16995,,
2026-08-01,prime-cars,Prime Cars,vin:MSX57U8ZCB7KZBAB7,new,2020 Tesla Model 3 RWD,,14295,
2026-08-01,prime-cars,Prime Cars,vin:8HZ0MLB9W7KLKCZJC,new,2021 Ford F-150 XLT,,20695,
2026-08-01,prime-cars,Prime Cars,vin:Z4YUW9MMZRWABC1PG,removed,2020 Chevrolet Silverado LT,16195,,
2026-08-01,prime-cars,Prime Cars,vin:W7K0YMSECFBW5BUE4,removed,2023 Hyundai Tucson SEL,19095,,
