DealerID,Dealer,Key,Title,Year,Make,Model,Trim,Mileage,VIN,StockNo,Condition,Fuel,Body,Transmission,FirstPrice,CurrentPrice,PriceChanges,Status,FirstSeen,LastSeen,RemovedOn,DaysOnSite,URL
city-autos,City Autos,vin:NJZ6UTGU3L8WJV679,2024 Mazda CX-5 Sport,2024,Mazda,CX-5,Sport,25451,NJZ6UTGU3L8WJV679,CI1039,,,,,21595,21595,0,removed,2026-07-31,2026-08-04,2026-08-05,5,https://city-autos.example/cars/CI1039
city-autos,City Autos,vin:3KFUE5LW3Z1HP46KM,2021 Hyundai Tucson SE,2021,Hyundai,Tucson,SE,68873,3KFUE5LW3Z1HP46KM,CI1040,,,,,12695,12695,0,removed,2026-07-31,2026-08-26,2026-08-27,27,https://city-autos.example/cars/CI1040
city-autos,City Autos,vin:2JGFLZUUH13RGMU0D,2019 Ford F-150 XL,2019,Ford,F-150,XL,75261,2JGFLZUUH13RGMU0D,CI1041,,,,,14095,14095,0,removed,2026-07-31,2026-08-23,2026-08-24,24,https://city-autos.example/cars/CI1041
city-autos,City Autos,vin:2DA7YK9E878ECR1UV,2022 Kia Sportage EX,2022,Kia,Sportage,EX,61182,2DA7YK9E878ECR1UV,CI1042,,,,,15095,15095,0,removed,2026-07-31,2026-08-13,2026-08-14,14,https://city-autos.example/cars/CI1042
city-autos,City Autos,vin:PL9TD59KNCTSGYP9S,2021 Ford Escape SE,2021,Ford,Escape,SE,69750,PL9TD59KNCTSGYP9S,CI1043,,,,,12695,12695,0,removed,2026-07-31,2026-09-21,2026-09-22,53,https://city-autos.example/cars/CI1043
city-autos,City Autos,vin:C0FXB8PGLWHGAE25M,2022 Toyota RAV4 XLE,2022,Toyota,RAV4,XLE,40740,C0FXB8PGLWHGAE25M,CI1044,,,,,18295,18295,0,removed,2026-07-31,2026-08-12,2026-08-13,13,https://city-autos.example/cars/CI1044
city-autos,City Autos,vin:UJGK2H2GWL1V4HRRG,2025 Nissan Rogue S,2025,Nissan,Rogue,S,12538,UJGK2H2GWL1V4HRRG,CI1045,,,,,24895,24895,0,removed,2026-07-31,2026-08-09,2026-08-10,10,https://city-autos.example/cars/CI1045
city-autos,City Autos,vin:LX3LKFS76HVXRML4W,2022 Mazda CX-5 Touring,2022,Mazda,CX-5,Touring,37625,LX3LKFS76HVXRML4W,CI1046,,,,,17295,14895,3,removed,2026-07-31,2026-09-18,2026-09-19,50,https://city-autos.example/cars/CI1046
city-autos,City Autos,vin:831WF9XT1FGMHW0ZZ,2022 Kia Sportage EX,2022,Kia,Sportage,EX,39243,831WF9XT1FGMHW0ZZ,CI1047,,,,,15895,14395,2,active,2026-07-31,2026-09-28,,59,https://city-autos.example/cars/CI1047
city-autos,City Autos,vin:VGDTVUJKG3LMAPP55,2025 Toyota Corolla LE,2025,Toyota,Corolla,LE,9169,VGDTVUJKG3LMAPP55,CI1048,,,,,20895,19095,2,removed,2026-07-31,2026-09-26,2026-09-27,58,https://city-autos.example/cars/CI1048
city-autos,City Autos,vin:WB0XXHAHSE4WKCDFE,2023 Ford F-150 XLT,2023,Ford,F-150,XLT,41680,WB0XXHAHSE4WKCDFE,CI1049,,,,,28895,28895,0,removed,2026-07-31,2026-08-15,2026-08-16,16,https://city-autos.example/cars/CI1049
city-autos,City Autos,vin:2RR2FNSJ2P0YRBJ0T,2025 BMW 3 Series 330i,2025,BMW,3,Series 330i,11087,2RR2FNSJ2P0YRBJ0T,CI1050,,,,,36895,36895,0,removed,2026-07-31,2026-08-16,2026-08-17,17,https://city-autos.example/cars/CI1050
city-autos,City Autos,vin:ZEU70FYL0XRYCRMGU,2025 Nissan Rogue S,2025,Nissan,Rogue,S,15623,ZEU70FYL0XRYCRMGU,CI1051,,,,,22795,21495,1,removed,2026-07-31,2026-09-05,2026-09-07,38,https://city-autos.example/cars/CI1051
city-autos,City Autos,vin:EKVL67BRMK1ES7AEU,2020 Chevrolet Silverado RST,2020,Chevrolet,Silverado,RST,59480,EKVL67BRMK1ES7AEU,CI1052,,,,,17195,17195,0,removed,2026-07-31,2026-09-10,2026-09-11,42,https://city-autos.example/cars/CI1052
city-autos,City Autos,vin:MHH1K766RHXLT9DW5,2023 Mazda CX-5 Sport,2023,Mazda,CX-5,Sport,33429,MHH1K766RHXLT9DW5,CI1053,,,,,16995,16995,0,removed,2026-07-31,2026-07-31,2026-08-01,1,https://city-autos.example/cars/CI1053
city-autos,City Autos,vin:Z9TD0S48K6V09LBZ2,2025 Honda CR-V EX,2025,Honda,CR-V,EX,16171,Z9TD0S48K6V09LBZ2,CI1054,,,,,26495,26495,0,removed,2026-07-31,2026-08-09,2026-08-10,10,https://city-autos.example/cars/CI1054
city-autos,City Autos,vin:0LWE14DE1SXF74C12,2026 Honda Civic LX,2026,Honda,Civic,LX,6,0LWE14DE1SXF74C12,CI1055,,,,,22795,22095,1,active,2026-07-31,2026-09-28,,59,https://city-autos.example/cars/CI1055
city-autos,City Autos,vin:HUPVWLUV6J16FWB6N,2023 Mazda CX-5 Sport,2023,Mazda,CX-5,Sport,25655,HUPVWLUV6J16FWB6N,CI1056,,,,,17095,17095,0,removed,2026-07-31,2026-08-01,2026-08-02,2,https://city-autos.example/cars/CI1056
city-autos,City Autos,vin:L06P7UFLPUUWMU62J,2022 Mazda CX-5 Sport,2022,Mazda,CX-5,Sport,57541,L06P7UFLPUUWMU62J,CI1057,,,,,13895,13895,0,removed,2026-07-31,2026-08-01,2026-08-02,2,https://city-autos.example/cars/CI1057
city-autos,City Autos,vin:GL1A8CHETBYCEFMXU,2026 Hyundai Elantra SEL,2026,Hyundai,Elantra,SEL,26,GL1A8CHETBYCEFMXU,CI1058,,,,,24195,24195,0,removed,2026-07-31,2026-08-06,2026-08-07,7,https://city-autos.example/cars/CI1058
city-autos,City Autos,vin:TGWT7YW9K2FAS0XRB,2020 Toyota Corolla SE,2020,Toyota,Corolla,SE,52035,TGWT7YW9K2FAS0XRB,CI1059,,,,,9795,9795,0,removed,2026-07-31,2026-08-10,2026-08-11,11,https://city-autos.example/cars/CI1059
city-autos,City Autos,vin:3YWYKPPVUPAUFNVX0,2021 Toyota Camry SE,2021,Toyota,Camry,SE,76153,3YWYKPPVUPAUFNVX0,CI1060,,,,,12295,11195,2,removed,2026-07-31,2026-09-18,2026-09-19,50,https://city-autos.example/cars/CI1060
city-autos,City Autos,vin:JFBYK4H49FLWD85FY,2024 Hyundai Tucson SE,2024,Hyundai,Tucson,SE,27272,JFBYK4H49FLWD85FY,CI1061,,,,,20595,18895,2,removed,2026-07-31,2026-09-13,2026-09-14,45,https://city-autos.example/cars/CI1061
city-autos,City Autos,vin:ULW8RH1UK1YTMUET3,2023 Nissan Rogue SV,2023,Nissan,Rogue,SV,37356,ULW8RH1UK1YTMUET3,CI1062,,,,,18695,18695,0,removed,2026-07-31,2026-08-05,2026-08-06,6,https://city-autos.example/cars/CI1062
city-autos,City Autos,vin:N2F356MDC9RFMLMEU,2020 Honda Civic Sport,2020,Honda,Civic,Sport,69361,N2F356MDC9RFMLMEU,CI1063,,,,,9795,9795,0,removed,2026-07-31,2026-09-05,2026-09-07,38,https://city-autos.example/cars/CI1063
city-autos,City Autos,vin:20PJ8A4FVPCNVP3XK,2023 Kia Sportage LX,2023,Kia,Sportage,LX,35909,20PJ8A4FVPCNVP3XK,CI1064,,,,,17595,17595,0,removed,2026-07-31,2026-08-05,2026-08-06,6,https://city-autos.example/cars/CI1064
city-autos,City Autos,vin:5JNMJL1RYM3FS8YZ6,2019 Mazda CX-5 Touring,2019,Mazda,CX-5,Touring,91317,5JNMJL1RYM3FS8YZ6,CI1065,,,,,8995,8295,2,removed,2026-07-31,2026-09-20,2026-09-21,52,https://city-autos.example/cars/CI1065
city-autos,City Autos,vin:P9YDGZUB4PCAGR5B4,2022 Chevrolet Silverado LT,2022,Chevrolet,Silverado,LT,57481,P9YDGZUB4PCAGR5B4,CI1066,,,,,21295,21295,0,removed,2026-07-31,2026-08-03,2026-08-04,4,https://city-autos.example/cars/CI1066
city-autos,City Autos,vin:2ZE68SLGY4U1BELUY,2024 Kia Sportage LX,2024,Kia,Sportage,LX,30250,2ZE68SLGY4U1BELUY,CI1093,,,,,20195,20195,0,removed,2026-08-03,2026-08-03,2026-08-04,1,https://city-autos.example/cars/CI1093
city-autos,City Autos,vin:GUSDSAUVWGW4G5ZRF,2026 Kia Sportage LX,2026,Kia,Sportage,LX,27,GUSDSAUVWGW4G5ZRF,CI1094,,,,,29195,29195,0,removed,2026-08-03,2026-08-26,2026-08-27,24,https://city-autos.example/cars/CI1094
city-autos,City Autos,vin:X6HVYWESVXDK52NY6,2022 Hyundai Tucson SE,2022,Hyundai,Tucson,SE,49666,X6HVYWESVXDK52NY6,CI1095,,,,,14495,14495,0,removed,2026-08-03,2026-08-14,2026-08-15,12,https://city-autos.example/cars/CI1095
city-autos,City Autos,vin:XML71MRU7WBATV38G,2024 Toyota RAV4 LE,2024,Toyota,RAV4,LE,24592,XML71MRU7WBATV38G,CI1102,,,,,20995,18095,3,removed,2026-08-05,2026-09-23,2026-09-24,50,https://city-autos.example/cars/CI1102
city-autos,City Autos,vin:N2PM9KMMFCW6NMKM2,2022 Mazda CX-5 Sport,2022,Mazda,CX-5,Sport,50347,N2PM9KMMFCW6NMKM2,CI1103,,,,,14195,14195,0,removed,2026-08-05,2026-09-12,2026-09-13,39,https://city-autos.example/cars/CI1103
city-autos,City Autos,vin:YY7PS0UCUWETEWB1C,2023 Ford F-150 XLT,2023,Ford,F-150,XLT,44808,YY7PS0UCUWETEWB1C,CI1104,,,,,28195,28195,0,removed,2026-08-05,2026-08-24,2026-08-25,20,https://city-autos.example/cars/CI1104
city-autos,City Autos,vin:M37RV3M5NH36SSEAU,2026 Toyota Corolla SE,2026,Toyota,Corolla,SE,40,M37RV3M5NH36SSEAU,CI1106,,,,,23495,23495,0,removed,2026-08-06,2026-08-20,2026-08-21,15,https://city-autos.example/cars/CI1106
city-autos,City Autos,vin:8ATPBKSH9FJV4DW3K,2023 Tesla Model 3 RWD,2023,Tesla,Model,3 RWD,32444,8ATPBKSH9FJV4DW3K,CI1107,,,,,22695,22695,0,removed,2026-08-06,2026-08-26,2026-08-27,21,https://city-autos.example/cars/CI1107
city-autos,City Autos,vin:AC2RXKGZLAPA2FR5K,2021 Honda Civic Sport,2021,Honda,Civic,Sport,66437,AC2RXKGZLAPA2FR5K,CI1110,,,,,11395,11395,0,removed,2026-08-07,2026-08-18,2026-08-19,12,https://city-autos.example/cars/CI1110
city-autos,City Autos,vin:0HM0UMBP8U5XPYSA9,2026 Toyota Camry LE,2026,Toyota,Camry,LE,13,0HM0UMBP8U5XPYSA9,CI1114,,,,,27695,27695,0,removed,2026-08-10,2026-08-23,2026-08-24,14,https://city-autos.example/cars/CI1114
city-autos,City Autos,vin:D148Y3P8BGCRS0370,2023 BMW 3 Series 330i,2023,BMW,3,Series 330i,35000,D148Y3P8BGCRS0370,CI1115,,,,,25495,25495,0,removed,2026-08-10,2026-08-21,2026-08-22,12,https://city-autos.example/cars/CI1115
city-autos,City Autos,vin:L6KNAPTJANRXHXHEG,2023 Mazda CX-5 Sport,2023,Mazda,CX-5,Sport,26831,L6KNAPTJANRXHXHEG,CI1117,,,,,18295,16295,2,removed,2026-08-11,2026-09-17,2026-09-18,38,https://city-autos.example/cars/CI1117
city-autos,City Autos,vin:CAGPXKNLAK383SLTR,2026 Toyota Camry LE,2026,Toyota,Camry,LE,28,CAGPXKNLAK383SLTR,CI1125,,,,,29795,28095,1,removed,2026-08-13,2026-09-16,2026-09-17,35,https://city-autos.example/cars/CI1125
city-autos,City Autos,vin:9B7RSH6NXBY94M1WJ,2019 Honda Civic Sport,2019,Honda,Civic,Sport,98777,9B7RSH6NXBY94M1WJ,CI1132,,,,,7595,7595,0,active,2026-08-14,2026-09-28,,45,https://city-autos.example/cars/CI1132
city-autos,City Autos,vin:4THHKU492JZZEWTTU,2024 Toyota Corolla SE,2024,Toyota,Corolla,SE,16648,4THHKU492JZZEWTTU,CI1135,,,,,17995,17995,0,removed,2026-08-15,2026-09-07,2026-09-08,24,https://city-autos.example/cars/CI1135
city-autos,City Autos,vin:XEHGL1M6HYHJU3KRZ,2024 Toyota Camry SE,2024,Toyota,Camry,SE,23542,XEHGL1M6HYHJU3KRZ,CI1138,,,,,21995,21995,0,removed,2026-08-16,2026-09-02,2026-09-03,18,https://city-autos.example/cars/CI1138
city-autos,City Autos,vin:DWUH9VKS1XT3AV1Y2,2019 Kia Sportage LX,2019,Kia,Sportage,LX,92787,DWUH9VKS1XT3AV1Y2,CI1141,,,,,8895,8895,0,removed,2026-08-17,2026-08-29,2026-08-30,13,https://city-autos.example/cars/CI1141
city-autos,City Autos,vin:F25J0JSAETMRV23AE,2023 Toyota Corolla SE,2023,Toyota,Corolla,SE,46330,F25J0JSAETMRV23AE,CI1148,,,,,14995,14995,0,active,2026-08-19,2026-09-28,,40,https://city-autos.example/cars/CI1148
city-autos,City Autos,vin:5SN1PVERTWWL3B6VX,2020 Ford Escape SE,2020,Ford,Escape,SE,78818,5SN1PVERTWWL3B6VX,CI1153,,,,,10295,9695,1,removed,2026-08-21,2026-09-17,2026-09-18,28,https://city-autos.example/cars/CI1153
city-autos,City Autos,vin:S8ELL1DT2X1AXGXCR,2020 Nissan Rogue SV,2020,Nissan,Rogue,SV,62395,S8ELL1DT2X1AXGXCR,CI1160,,,,,10895,10895,0,removed,2026-08-23,2026-09-01,2026-09-02,10,https://city-autos.example/cars/CI1160
city-autos,City Autos,vin:LMARA7XJH7KHZ3ZZ3,2022 BMW 3 Series 330i,2022,BMW,3,Series 330i,60966,LMARA7XJH7KHZ3ZZ3,CI1165,,,,,22695,22695,0,removed,2026-08-24,2026-09-24,2026-09-25,32,https://city-autos.example/cars/CI1165
city-autos,City Autos,vin:KTGGWN9HAM6VUFAVZ,2019 Toyota Corolla XSE,2019,Toyota,Corolla,XSE,77317,KTGGWN9HAM6VUFAVZ,CI1171,,,,,8595,8595,0,removed,2026-08-25,2026-09-20,2026-09-21,27,https://city-autos.example/cars/CI1171
city-autos,City Autos,vin:5E4BA892F34E2WN4G,2022 Hyundai Elantra SEL,2022,Hyundai,Elantra,SEL,61860,5E4BA892F34E2WN4G,CI1172,,,,,11295,11295,0,removed,2026-08-25,2026-09-20,2026-09-21,27,https://city-autos.example/cars/CI1172
city-autos,City Autos,vin:R455F5B0X39AAG3GW,2020 Ford F-150 XLT,2020,Ford,F-150,XLT,84668,R455F5B0X39AAG3GW,CI1175,,,,,16995,16995,0,removed,2026-08-27,2026-09-05,2026-09-07,11,https://city-autos.example/cars/CI1175
city-autos,City Autos,vin:WEZ63E0PVFN35B8NG,2021 Toyota RAV4 XLE,2021,Toyota,RAV4,XLE,68339,WEZ63E0PVFN35B8NG,CI1176,,,,,15095,14495,1,active,2026-08-27,2026-09-28,,32,https://city-autos.example/cars/CI1176
city-autos,City Autos,vin:C3XF37WLZKLJHV11V,2023 Kia Sportage EX,2023,Kia,Sportage,EX,29908,C3XF37WLZKLJHV11V,CI1177,,,,,17495,17495,0,active,2026-08-27,2026-09-28,,32,https://city-autos.example/cars/CI1177
city-autos,City Autos,vin:PN6CK8GK5V7MBFU8N,2023 BMW 3 Series 330i,2023,BMW,3,Series 330i,30298,PN6CK8GK5V7MBFU8N,CI1184,,,,,26395,26395,0,removed,2026-08-30,2026-09-21,2026-09-22,23,https://city-autos.example/cars/CI1184
city-autos,City Autos,vin:6KS4P6XTYGML9S1FH,2020 Toyota Camry LE,2020,Toyota,Camry,LE,81449,6KS4P6XTYGML9S1FH,CI1189,,,,,10395,10395,0,removed,2026-09-02,2026-09-02,2026-09-03,1,https://city-autos.example/cars/CI1189
city-autos,City Autos,vin:SJZFZTULF81S3K3CZ,2020 Chevrolet Silverado LT,2020,Chevrolet,Silverado,LT,67776,SJZFZTULF81S3K3CZ,CI1193,,,,,15995,15995,0,removed,2026-09-03,2026-09-04,2026-09-05,2,https://city-autos.example/cars/CI1193
city-autos,City Autos,vin:5GH2A38H7RVXJ983D,2020 Kia Sportage EX,2020,Kia,Sportage,EX,55944,5GH2A38H7RVXJ983D,CI1194,,,,,10995,10995,0,removed,2026-09-04,2026-09-10,2026-09-11,7,https://city-autos.example/cars/CI1194
city-autos,City Autos,vin:VFZNEJBNZ3TT0WN0L,2022 Nissan Rogue SV,2022,Nissan,Rogue,SV,42885,VFZNEJBNZ3TT0WN0L,CI1200,,,,,15595,15595,0,removed,2026-09-05,2026-09-19,2026-09-20,15,https://city-autos.example/cars/CI1200
city-autos,City Autos,vin:8CCJMRU90TH839GLN,2021 Chevrolet Silverado RST,2021,Chevrolet,Silverado,RST,71046,8CCJMRU90TH839GLN,CI1201,,,,,18995,18995,0,active,2026-09-08,2026-09-28,,20,https://city-autos.example/cars/CI1201
city-autos,City Autos,vin:1Z9AV82Z5AAL7M30K,2022 Ford F-150 XLT,2022,Ford,F-150,XLT,60955,1Z9AV82Z5AAL7M30K,CI1202,,,,,23095,23095,0,removed,2026-09-08,2026-09-13,2026-09-14,6,https://city-autos.example/cars/CI1202
city-autos,City Autos,vin:4KHVNJCMDMZ841LT4,2025 Kia Sportage LX,2025,Kia,Sportage,LX,15941,4KHVNJCMDMZ841LT4,CI1203,,,,,22495,22495,0,removed,2026-09-08,2026-09-24,2026-09-25,17,https://city-autos.example/cars/CI1203
city-autos,City Autos,vin:FJEUFU28R2XYYCXJE,2024 Tesla Model 3 RWD,2024,Tesla,Model,3 RWD,23576,FJEUFU28R2XYYCXJE,CI1204,,,,,28195,28195,0,removed,2026-09-08,2026-09-10,2026-09-11,3,https://city-autos.example/cars/CI1204
city-autos,City Autos,vin:XTT8LL4FHRUFNDATV,2025 Ford Escape SE,2025,Ford,Escape,SE,15289,XTT8LL4FHRUFNDATV,CI1210,,,,,25495,25495,0,active,2026-09-11,2026-09-28,,17,https://city-autos.example/cars/CI1210
city-autos,City Autos,vin:0LRMXS991V64U7C3A,2021 Kia Sportage EX,2021,Kia,Sportage,EX,58832,0LRMXS991V64U7C3A,CI1211,,,,,13095,13095,0,removed,2026-09-11,2026-09-26,2026-09-27,16,https://city-autos.example/cars/CI1211
city-autos,City Autos,vin:ZM3E0FL2T6LHELK8U,2019 Toyota Corolla SE,2019,Toyota,Corolla,SE,90598,ZM3E0FL2T6LHELK8U,CI1212,,,,,8095,8095,0,removed,2026-09-11,2026-09-22,2026-09-23,12,https://city-autos.example/cars/CI1212
city-autos,City Autos,vin:0H427B7H98WN7R0UN,2025 Hyundai Tucson SE,2025,Hyundai,Tucson,SE,17644,0H427B7H98WN7R0UN,CI1218,,,,,23695,23695,0,active,2026-09-13,2026-09-28,,15,https://city-autos.example/cars/CI1218
city-autos,City Autos,vin:WX55RZLZ2YRV0C1JU,2020 Ford F-150 Lariat,2020,Ford,F-150,Lariat,90070,WX55RZLZ2YRV0C1JU,CI1220,,,,,17395,17395,0,active,2026-09-14,2026-09-28,,14,https://city-autos.example/cars/CI1220
city-autos,City Autos,vin:EUMVU4JN2GX7F2MN7,2024 BMW 3 Series M340i,2024,BMW,3,Series M340i,30383,EUMVU4JN2GX7F2MN7,CI1221,,,,,33095,33095,0,removed,2026-09-14,2026-09-14,2026-09-15,1,https://city-autos.example/cars/CI1221
city-autos,City Autos,vin:KA5VS9F0K7XPEF7P3,2022 Mazda CX-5 Sport,2022,Mazda,CX-5,Sport,39526,KA5VS9F0K7XPEF7P3,CI1223,,,,,14595,14595,0,removed,2026-09-15,2026-09-17,2026-09-18,3,https://city-autos.example/cars/CI1223
city-autos,City Autos,vin:USZVH7AAB5T7J35V5,2022 Ford F-150 XL,2022,Ford,F-150,XL,49819,USZVH7AAB5T7J35V5,CI1226,,,,,22795,22795,0,removed,2026-09-17,2026-09-21,2026-09-22,5,https://city-autos.example/cars/CI1226
city-autos,City Autos,vin:U7P1AG43EXTEZAWLS,2025 Toyota Camry SE,2025,Toyota,Camry,SE,9142,U7P1AG43EXTEZAWLS,CI1230,,,,,24595,24595,0,active,2026-09-20,2026-09-28,,8,https://city-autos.example/cars/CI1230
city-autos,City Autos,vin:08YWUYA9L4RU3FEHN,2019 Mazda CX-5 Touring,2019,Mazda,CX-5,Touring,104942,08YWUYA9L4RU3FEHN,CI1231,,,,,8995,8995,0,removed,2026-09-20,2026-09-27,2026-09-28,8,https://city-autos.example/cars/CI1231
city-autos,City Autos,vin:BUZUATVPPDNFHMSJU,2019 Toyota Corolla XSE,2019,Toyota,Corolla,XSE,91199,BUZUATVPPDNFHMSJU,CI1236,,,,,7895,7895,0,removed,2026-09-22,2026-09-27,2026-09-28,6,https://city-autos.example/cars/CI1236
city-autos,City Autos,vin:0RJE9JXU5VSJZN6TL,2024 Toyota Camry LE,2024,Toyota,Camry,LE,21194,0RJE9JXU5VSJZN6TL,CI1237,,,,,19395,19395,0,active,2026-09-22,2026-09-28,,6,https://city-autos.example/cars/CI1237
city-autos,City Autos,vin:57RH1B9PUP098P2RG,2019 Hyundai Elantra SEL,2019,Hyundai,Elantra,SEL,75355,57RH1B9PUP098P2RG,CI1238,,,,,7695,7695,0,active,2026-09-22,2026-09-28,,6,https://city-autos.example/cars/CI1238
city-autos,City Autos,vin:MDH4DCMBGDPDG7FXY,2026 Nissan Rogue S,2026,Nissan,Rogue,S,22,MDH4DCMBGDPDG7FXY,CI1239,,,,,27095,27095,0,active,2026-09-22,2026-09-28,,6,https://city-autos.example/cars/CI1239
city-autos,City Autos,vin:F3TF587Z15VD1GX8B,2025 Toyota RAV4 XLE,2025,Toyota,RAV4,XLE,15004,F3TF587Z15VD1GX8B,CI1240,,,,,26795,26795,0,active,2026-09-22,2026-09-28,,6,https://city-autos.example/cars/CI1240
city-autos,City Autos,vin:4T6X4FRH53PG7U6HS,2019 Toyota Camry LE,2019,Toyota,Camry,LE,87925,4T6X4FRH53PG7U6HS,CI1242,,,,,8795,8795,0,active,2026-09-23,2026-09-28,,5,https://city-autos.example/cars/CI1242
city-autos,City Autos,vin:H2XFABHTUG3DPBYPU,2026 Ford F-150 XL,2026,Ford,F-150,XL,11,H2XFABHTUG3DPBYPU,CI1243,,,,,46195,46195,0,active,2026-09-23,2026-09-28,,5,https://city-autos.example/cars/CI1243
city-autos,City Autos,vin:MTC023SKC3H4N8D26,2019 BMW 3 Series M340i,2019,BMW,3,Series M340i,75666,MTC023SKC3H4N8D26,CI1244,,,,,14095,14095,0,active,2026-09-23,2026-09-28,,5,https://city-autos.example/cars/CI1244
city-autos,City Autos,vin:HR8CD2ACZSXXS93DR,2019 Mazda CX-5 Sport,2019,Mazda,CX-5,Sport,93182,HR8CD2ACZSXXS93DR,CI1245,,,,,8595,8595,0,active,2026-09-23,2026-09-28,,5,https://city-autos.example/cars/CI1245
city-autos,City Autos,vin:82NDVUA6MAX7P8PNM,2026 Honda Civic LX,2026,Honda,Civic,LX,35,82NDVUA6MAX7P8PNM,CI1246,,,,,22795,22795,0,active,2026-09-23,2026-09-28,,5,https://city-autos.example/cars/CI1246
city-autos,City Autos,vin:LELDZJH1EFZXWEMCB,2021 Toyota Camry LE,2021,Toyota,Camry,LE,44940,LELDZJH1EFZXWEMCB,CI1247,,,,,12995,12995,0,active,2026-09-23,2026-09-28,,5,https://city-autos.example/cars/CI1247
city-autos,City Autos,vin:UT09T1XJ1BBRGVEXC,2021 BMW 3 Series M340i,2021,BMW,3,Series M340i,45843,UT09T1XJ1BBRGVEXC,CI1249,,,,,21595,21595,0,active,2026-09-24,2026-09-28,,4,https://city-autos.example/cars/CI1249
city-autos,City Autos,vin:LGJA0PMFM8T4DWBCV,2022 Ford Escape S,2022,Ford,Escape,S,45943,LGJA0PMFM8T4DWBCV,CI1254,,,,,13595,13595,0,active,2026-09-25,2026-09-28,,3,https://city-autos.example/cars/CI1254
city-autos,City Autos,vin:W6LYFS4HN30E4CNAV,2021 Ford Escape S,2021,Ford,Escape,S,49853,W6LYFS4HN30E4CNAV,CI1259,,,,,12795,12795,0,active,2026-09-26,2026-09-28,,2,https://city-autos.example/cars/CI1259
city-autos,City Autos,vin:5Y3KZ0R73RVGTSEXG,2023 Kia Sportage EX,2023,Kia,Sportage,EX,40527,5Y3KZ0R73RVGTSEXG,CI1260,,,,,17295,17295,0,active,2026-09-27,2026-09-28,,1,https://city-autos.example/cars/CI1260
city-autos,City Autos,vin:26HTWZCRW7YNV28TD,2026 Hyundai Tucson SE,2026,Hyundai,Tucson,SE,27,26HTWZCRW7YNV28TD,CI1262,,,,,27395,27395,0,active,2026-09-28,2026-09-28,,0,https://city-autos.example/cars/CI1262
city-autos,City Autos,vin:SBU9UNVHSPLL50GKA,2022 Hyundai Elantra SE,2022,Hyundai,Elantra,SE,61905,SBU9UNVHSPLL50GKA,CI1263,,,,,10295,10295,0,active,2026-09-28,2026-09-28,,0,https://city-autos.example/cars/CI1263
city-autos,City Autos,vin:MH0XH5VUZRJ8BENV1,2022 Ford Escape S,2022,Ford,Escape,S,43229,MH0XH5VUZRJ8BENV1,CI1264,,,,,13695,13695,0,active,2026-09-28,2026-09-28,,0,https://city-autos.example/cars/CI1264
metro-motors,Metro Motors,vin:UPSHV1JF2UGNKUK9J,2026 Toyota Corolla XSE,2026,Toyota,Corolla,XSE,40,UPSHV1JF2UGNKUK9J,ME1001,New,Petrol,Sedan,Automatic,29495,29495,0,removed,2026-07-31,2026-08-10,2026-08-11,11,https://metro-motors.example/vehicle/ME1001
metro-motors,Metro Motors,vin:C7VXZ8X74BFMRAC2N,2025 Toyota Camry SE,2025,Toyota,Camry,SE,12776,C7VXZ8X74BFMRAC2N,ME1002,Used,Petrol,Sedan,Automatic,26895,26895,0,removed,2026-07-31,2026-08-23,2026-08-24,24,https://metro-motors.example/vehicle/ME1002
metro-motors,Metro Motors,vin:EE7LGXMBZ7V4Y7DUY,2021 Chevrolet Silverado LT,2021,Chevrolet,Silverado,LT,65743,EE7LGXMBZ7V4Y7DUY,ME1003,Used,Petrol,Pickup,Manual,20495,19295,1,active,2026-07-31,2026-09-28,,59,https://metro-motors.example/vehicle/ME1003
metro-motors,Metro Motors,vin:4AUL0V19V4RY1VLHA,2022 Tesla Model 3 Long Range,2022,Tesla,Model 3,Long Range,63830,4AUL0V19V4RY1VLHA,ME1004,Used,Electric,Sedan,Manual,20795,20795,0,removed,2026-07-31,2026-08-08,2026-08-09,9,https://metro-motors.example/vehicle/ME1004
metro-motors,Metro Motors,vin:09K9Y3X4E9TVFPG35,2021 Tesla Model 3 Long Range,2021,Tesla,Model 3,Long Range,43595,09K9Y3X4E9TVFPG35,ME1005,Used,Electric,Sedan,Automatic,20595,20595,0,removed,2026-07-31,2026-08-18,2026-08-19,19,https://metro-motors.example/vehicle/ME1005
metro-motors,Metro Motors,vin:HW35GVSUFJRSFAFAD,2022 Chevrolet Silverado LT,2022,Chevrolet,Silverado,LT,57397,HW35GVSUFJRSFAFAD,ME1006,Used,Petrol,Pickup,Manual,23995,23995,0,removed,2026-07-31,2026-08-11,2026-08-12,12,https://metro-motors.example/vehicle/ME1006
metro-motors,Metro Motors,vin:NM303U3PVKU2CJ442,2025 Toyota Corolla XSE,2025,Toyota,Corolla,XSE,13330,NM303U3PVKU2CJ442,ME1007,Used,Petrol,Sedan,Automatic,23695,23695,0,removed,2026-07-31,2026-08-07,2026-08-08,8,https://metro-motors.example/vehicle/ME1007
metro-motors,Metro Motors,vin:P9VRMUK6V94TR07VY,2024 BMW 3 Series M340i,2024,BMW,3 Series,M340i,23445,P9VRMUK6V94TR07VY,ME1008,Used,Petrol,Sedan,Automatic,34295,33295,1,active,2026-07-31,2026-09-28,,59,https://metro-motors.example/vehicle/ME1008
metro-motors,Metro Motors,vin:CZ18LJC07248H9KUN,2022 Hyundai Tucson SE,2022,Hyundai,Tucson,SE,57891,CZ18LJC07248H9KUN,ME1009,Used,Petrol,SUV,Automatic,16095,16095,0,removed,2026-07-31,2026-08-17,2026-08-18,18,https://metro-motors.example/vehicle/ME1009
metro-motors,Metro Motors,vin:4SE0SVV68FDKUN75U,2021 Ford Escape S,2021,Ford,Escape,S,64726,4SE0SVV68FDKUN75U,ME1010,Used,Petrol,SUV,Automatic,13095,13095,0,removed,2026-07-31,2026-08-19,2026-08-20,20,https://metro-motors.example/vehicle/ME1010
metro-motors,Metro Motors,vin:784AF1DC7JWJ30BR9,2019 Kia Sportage LX,2019,Kia,Sportage,LX,93103,784AF1DC7JWJ30BR9,ME1011,Used,Petrol,SUV,Automatic,8695,8695,0,removed,2026-07-31,2026-08-12,2026-08-13,13,https://metro-motors.example/vehicle/ME1011
metro-motors,Metro Motors,vin:DSRUF2LZ4BG06K4YL,2020 Hyundai Tucson SE,2020,Hyundai,Tucson,SE,78394,DSRUF2LZ4BG06K4YL,ME1012,Used,Petrol,SUV,Automatic,10695,10695,0,removed,2026-07-31,2026-09-25,2026-09-26,57,https://metro-motors.example/vehicle/ME1012
metro-motors,Metro Motors,vin:UR2F1FHG6BB87SV0F,2021 Chevrolet Silverado LT,2021,Chevrolet,Silverado,LT,51610,UR2F1FHG6BB87SV0F,ME1013,Used,Petrol,Pickup,Automatic,20295,20295,0,removed,2026-07-31,2026-08-28,2026-08-29,29,https://metro-motors.example/vehicle/ME1013
metro-motors,Metro Motors,vin:NB7KFKM345205Y0ZL,2021 Ford F-150 XLT,2021,Ford,F-150,XLT,69933,NB7KFKM345205Y0ZL,ME1014,Used,Petrol,Pickup,Automatic,20995,20995,0,removed,2026-07-31,2026-08-16,2026-08-17,17,https://metro-motors.example/vehicle/ME1014
metro-motors,Metro Motors,vin:R0H1URN3EVUYXCP80,2025 Honda CR-V Touring,2025,Honda,CR-V,Touring,14467,R0H1URN3EVUYXCP80,ME1015,Used,Petrol,SUV,Automatic,30795,30795,0,removed,2026-07-31,2026-08-16,2026-08-17,17,https://metro-motors.example/vehicle/ME1015
metro-motors,Metro Motors,vin:HTH59U8FSFB02HASY,2019 Honda CR-V EX,2019,Honda,CR-V,EX,62900,HTH59U8FSFB02HASY,ME1016,Used,Petrol,SUV,Automatic,10995,10995,0,removed,2026-07-31,2026-08-24,2026-08-25,25,https://metro-motors.example/vehicle/ME1016
metro-motors,Metro Motors,vin:DXDVRZ41V2U1XXWZ2,2024 Chevrolet Silverado LT,2024,Chevrolet,Silverado,LT,27192,DXDVRZ41V2U1XXWZ2,ME1017,Used,Petrol,Pickup,Automatic,33295,31595,1,removed,2026-07-31,2026-09-02,2026-09-03,34,https://metro-motors.example/vehicle/ME1017
metro-motors,Metro Motors,vin:9G6B1U4JGL0YLDL7D,2021 Tesla Model 3 RWD,2021,Tesla,Model 3,RWD,62686,9G6B1U4JGL0YLDL7D,ME1018,Used,Electric,Sedan,Automatic,17195,17195,0,removed,2026-07-31,2026-08-05,2026-08-06,6,https://metro-motors.example/vehicle/ME1018
metro-motors,Metro Motors,vin:9T9XN2KNY2U1NXJCP,2026 Nissan Rogue S,2026,Nissan,Rogue,S,30,9T9XN2KNY2U1NXJCP,ME1019,New,Petrol,SUV,Automatic,28895,28895,0,removed,2026-07-31,2026-09-01,2026-09-02,33,https://metro-motors.example/vehicle/ME1019
metro-motors,Metro Motors,vin:6W15AGGPSFSNAAXRK,2024 Toyota Camry SE,2024,Toyota,Camry,SE,19040,6W15AGGPSFSNAAXRK,ME1020,Used,Petrol,Sedan,Automatic,21995,19895,2,active,2026-07-31,2026-09-28,,59,https://metro-motors.example/vehicle/ME1020
metro-motors,Metro Motors,vin:8M5337Z0LK3M2CVWH,2020 Mazda CX-5 Touring,2020,Mazda,CX-5,Touring,74341,8M5337Z0LK3M2CVWH,ME1021,Used,Petrol,SUV,Automatic,12095,12095,0,active,2026-07-31,2026-09-28,,59,https://metro-motors.example/vehicle/ME1021
metro-motors,Metro Motors,vin:BBPGZ1322T77U87M7,2024 BMW 3 Series 330i,2024,BMW,3 Series,330i,19072,BBPGZ1322T77U87M7,ME1022,Used,Petrol,Sedan,Automatic,34895,34895,0,removed,2026-07-31,2026-09-08,2026-09-09,40,https://metro-motors.example/vehicle/ME1022
metro-motors,Metro Motors,vin:M21X0X4C37FP12TR8,2024 Hyundai Tucson SEL,2024,Hyundai,Tucson,SEL,27749,M21X0X4C37FP12TR8,ME1023,Used,Petrol,SUV,Automatic,24995,24995,0,removed,2026-07-31,2026-08-12,2026-08-13,13,https://metro-motors.example/vehicle/ME1023
metro-motors,Metro Motors,vin:PZX4DG5C3LYM3HESX,2025 Ford Escape SE,2025,Ford,Escape,SE,14342,PZX4DG5C3LYM3HESX,ME1024,Used,Petrol,SUV,Manual,24795,24795,0,removed,2026-07-31,2026-08-18,2026-08-19,19,https://metro-motors.example/vehicle/ME1024
metro-motors,Metro Motors,vin:7ZBGWHLRFDSZ8YYSM,2021 Toyota Corolla XSE,2021,Toyota,Corolla,XSE,58838,7ZBGWHLRFDSZ8YYSM,ME1025,Used,Petrol,Sedan,Automatic,11795,11795,0,removed,2026-07-31,2026-08-02,2026-08-03,3,https://metro-motors.example/vehicle/ME1025
metro-motors,Metro Motors,vin:CT07C28R64SBH3EN3,2022 Ford F-150 XL,2022,Ford,F-150,XL,57430,CT07C28R64SBH3EN3,ME1026,Used,Petrol,Pickup,Automatic,23995,23995,0,removed,2026-07-31,2026-08-14,2026-08-15,15,https://metro-motors.example/vehicle/ME1026
metro-motors,Metro Motors,vin:G84NTX4DBJ6483SLN,2020 Kia Sportage LX,2020,Kia,Sportage,LX,80644,G84NTX4DBJ6483SLN,ME1027,Used,Petrol,SUV,Automatic,10295,9695,1,removed,2026-07-31,2026-09-03,2026-09-04,35,https://metro-motors.example/vehicle/ME1027
metro-motors,Metro Motors,vin:JX89C7405R274MEPB,2026 Toyota Camry SE,2026,Toyota,Camry,SE,17,JX89C7405R274MEPB,ME1028,New,Petrol,Sedan,Automatic,30095,30095,0,removed,2026-07-31,2026-08-22,2026-08-23,23,https://metro-motors.example/vehicle/ME1028
metro-motors,Metro Motors,vin:0M9LJWT83B583ASHT,2025 Toyota RAV4 XLE,2025,Toyota,RAV4,XLE,12213,0M9LJWT83B583ASHT,ME1029,Used,Hybrid,SUV,Automatic,28295,28295,0,removed,2026-07-31,2026-08-10,2026-08-11,11,https://metro-motors.example/vehicle/ME1029
metro-motors,Metro Motors,vin:R67MABS85ST02PCZF,2025 Tesla Model 3 Long Range,2025,Tesla,Model 3,Long Range,11807,R67MABS85ST02PCZF,ME1030,Used,Electric,Sedan,Automatic,35795,35795,0,removed,2026-07-31,2026-08-23,2026-08-24,24,https://metro-motors.example/vehicle/ME1030
metro-motors,Metro Motors,vin:W26ZR5S2PC4EEGH3A,2026 Ford F-150 Lariat,2026,Ford,F-150,Lariat,14,W26ZR5S2PC4EEGH3A,ME1031,New,Petrol,Pickup,Automatic,53095,53095,0,removed,2026-07-31,2026-08-01,2026-08-02,2,https://metro-motors.example/vehicle/ME1031
metro-motors,Metro Motors,vin:1JKYVKSNF7K2SY55L,2026 Ford F-150 XL,2026,Ford,F-150,XL,7,1JKYVKSNF7K2SY55L,ME1032,New,Petrol,Pickup,Automatic,47795,38595,4,removed,2026-07-31,2026-09-22,2026-09-23,54,https://metro-motors.example/vehicle/ME1032
metro-motors,Metro Motors,vin:A364JWTJMP87V1NVC,2019 Ford Escape S,2019,Ford,Escape,S,98130,A364JWTJMP87V1NVC,ME1033,Used,Petrol,SUV,Automatic,8395,8395,0,removed,2026-07-31,2026-09-19,2026-09-20,51,https://metro-motors.example/vehicle/ME1033
metro-motors,Metro Motors,vin:B9UNW1NZRGMRDGW0M,2022 Hyundai Tucson SEL,2022,Hyundai,Tucson,SEL,53250,B9UNW1NZRGMRDGW0M,ME1034,Used,Petrol,SUV,Automatic,16095,16095,0,removed,2026-07-31,2026-08-06,2026-08-07,7,https://metro-motors.example/vehicle/ME1034
metro-motors,Metro Motors,vin:F4N9SWLTYV6EEMECN,2025 Chevrolet Silverado RST,2025,Chevrolet,Silverado,RST,12679,F4N9SWLTYV6EEMECN,ME1035,Used,Petrol,Pickup,Automatic,38695,38695,0,removed,2026-07-31,2026-08-10,2026-08-11,11,https://metro-motors.example/vehicle/ME1035
metro-motors,Metro Motors,vin:K61BF9203R7YRW1YD,2022 Chevrolet Silverado RST,2022,Chevrolet,Silverado,RST,59809,K61BF9203R7YRW1YD,ME1036,Used,Petrol,Pickup,Automatic,25795,25795,0,active,2026-07-31,2026-09-28,,59,https://metro-motors.example/vehicle/ME1036
metro-motors,Metro Motors,vin:SRTWMU7FVCNUV922Z,2024 BMW 3 Series 330i,2024,BMW,3 Series,330i,30195,SRTWMU7FVCNUV922Z,ME1037,Used,Petrol,Sedan,Automatic,32795,32795,0,removed,2026-07-31,2026-08-28,2026-08-29,29,https://metro-motors.example/vehicle/ME1037
metro-motors,Metro Motors,vin:V28SLRXASXFKVCVVE,2023 BMW 3 Series M340i,2023,BMW,3 Series,M340i,28747,V28SLRXASXFKVCVVE,ME1038,Used,Petrol,Sedan,Automatic,29595,29595,0,removed,2026-07-31,2026-08-24,2026-08-25,25,https://metro-motors.example/vehicle/ME1038
metro-motors,Metro Motors,vin:F78TNGN58RMHM7LZR,2026 Honda CR-V Touring,2026,Honda,CR-V,Touring,38,F78TNGN58RMHM7LZR,ME1091,New,Petrol,SUV,Automatic,35495,35495,0,removed,2026-08-02,2026-09-17,2026-09-18,47,https://metro-motors.example/vehicle/ME1091
metro-motors,Metro Motors,vin:CBJ9SZXFJ00R7SBMF,2026 Nissan Rogue SV,2026,Nissan,Rogue,SV,27,CBJ9SZXFJ00R7SBMF,ME1092,New,Petrol,SUV,Automatic,33795,33795,0,removed,2026-08-03,2026-08-09,2026-08-10,7,https://metro-motors.example/vehicle/ME1092
metro-motors,Metro Motors,vin:XY8S90W5J53DFEZVT,2020 Toyota Camry SE,2020,Toyota,Camry,SE,69677,XY8S90W5J53DFEZVT,ME1108,Used,Petrol,Sedan,Automatic,11795,11795,0,removed,2026-08-07,2026-09-06,2026-09-07,31,https://metro-motors.example/vehicle/ME1108
metro-motors,Metro Motors,vin:D79YXP3GYT7WS10GF,2020 Hyundai Tucson SEL,2020,Hyundai,Tucson,SEL,54689,D79YXP3GYT7WS10GF,ME1109,Used,Petrol,SUV,Automatic,12095,11595,1,active,2026-08-07,2026-09-28,,52,https://metro-motors.example/vehicle/ME1109
metro-motors,Metro Motors,vin:C6BJKDRY4MCJ6A2DE,2024 Toyota RAV4 XLE,2024,Toyota,RAV4,XLE,27449,C6BJKDRY4MCJ6A2DE,ME1111,Used,Hybrid,SUV,Automatic,26695,25795,1,active,2026-08-08,2026-09-28,,51,https://metro-motors.example/vehicle/ME1111
metro-motors,Metro Motors,vin:JKX5KFWK6XAM9AUS8,2024 Honda Civic LX,2024,Honda,Civic,LX,24867,JKX5KFWK6XAM9AUS8,ME1119,Used,Petrol,Sedan,Automatic,18795,17795,1,removed,2026-08-12,2026-09-20,2026-09-21,40,https://metro-motors.example/vehicle/ME1119
metro-motors,Metro Motors,vin:DZ6VMSWS4JZLX7H0S,2023 Nissan Rogue S,2023,Nissan,Rogue,S,40356,DZ6VMSWS4JZLX7H0S,ME1120,Used,Petrol,SUV,Automatic,18995,18995,0,removed,2026-08-12,2026-08-21,2026-08-22,10,https://metro-motors.example/vehicle/ME1120
metro-motors,Metro Motors,vin:3K9J4LRV7XVUHD1R3,2023 Nissan Rogue SV,2023,Nissan,Rogue,SV,33350,3K9J4LRV7XVUHD1R3,ME1121,Used,Petrol,SUV,Automatic,20595,20595,0,removed,2026-08-12,2026-08-18,2026-08-19,7,https://metro-motors.example/vehicle/ME1121
metro-motors,Metro Motors,vin:0ZDBBSZBDPFEMLYTX,2022 Toyota Camry LE,2022,Toyota,Camry,LE,51299,0ZDBBSZBDPFEMLYTX,ME1122,Used,Petrol,Sedan,Automatic,16095,16095,0,removed,2026-08-12,2026-08-13,2026-08-14,2,https://metro-motors.example/vehicle/ME1122
metro-motors,Metro Motors,vin:J9N2SAYXS5DEGBN7C,2020 Toyota Camry SE,2020,Toyota,Camry,SE,58387,J9N2SAYXS5DEGBN7C,ME1123,Used,Petrol,Sedan,Automatic,12695,12695,0,removed,2026-08-12,2026-09-02,2026-09-03,22,https://metro-motors.example/vehicle/ME1123
metro-motors,Metro Motors,vin:L6GBULBUXECCNRYHR,2026 Hyundai Tucson SE,2026,Hyundai,Tucson,SE,21,L6GBULBUXECCNRYHR,ME1124,New,Petrol,SUV,Automatic,32195,32195,0,removed,2026-08-12,2026-08-20,2026-08-21,9,https://metro-motors.example/vehicle/ME1124
metro-motors,Metro Motors,vin:SDTU1MAEB5YU57U0H,2024 Hyundai Elantra SEL,2024,Hyundai,Elantra,SEL,24053,SDTU1MAEB5YU57U0H,ME1129,Used,Petrol,Sedan,Automatic,16595,16595,0,removed,2026-08-14,2026-08-23,2026-08-24,10,https://metro-motors.example/vehicle/ME1129
metro-motors,Metro Motors,vin:1EJUPP5UKE6NY13VV,2026 Hyundai Elantra SEL,2026,Hyundai,Elantra,SEL,10,1EJUPP5UKE6NY13VV,ME1130,New,Petrol,Sedan,Automatic,24295,24295,0,removed,2026-08-14,2026-08-29,2026-08-30,16,https://metro-motors.example/vehicle/ME1130
metro-motors,Metro Motors,vin:WA4YSTD8MGPSSXBDP,2024 Toyota RAV4 XLE,2024,Toyota,RAV4,XLE,25511,WA4YSTD8MGPSSXBDP,ME1131,Used,Hybrid,SUV,Automatic,26795,26795,0,active,2026-08-14,2026-09-28,,45,https://metro-motors.example/vehicle/ME1131
metro-motors,Metro Motors,vin:MD2FA1P62FPBDTUN5,2023 Toyota RAV4 LE,2023,Toyota,RAV4,LE,42346,MD2FA1P62FPBDTUN5,ME1134,Used,Hybrid,SUV,Automatic,18895,18895,0,removed,2026-08-15,2026-08-24,2026-08-25,10,https://metro-motors.example/vehicle/ME1134
metro-motors,Metro Motors,vin:94UTXDGGU0DB0HVR1,2021 Ford F-150 XL,2021,Ford,F-150,XL,53634,94UTXDGGU0DB0HVR1,ME1140,Used,Petrol,Pickup,Automatic,19595,19595,0,removed,2026-08-17,2026-09-11,2026-09-12,26,https://metro-motors.example/vehicle/ME1140
metro-motors,Metro Motors,vin:CC9DXX8WM54W4LLG9,2025 Honda CR-V Touring,2025,Honda,CR-V,Touring,14111,CC9DXX8WM54W4LLG9,ME1142,Used,Petrol,SUV,Manual,30295,30295,0,removed,2026-08-18,2026-08-27,2026-08-28,10,https://metro-motors.example/vehicle/ME1142
metro-motors,Metro Motors,vin:BAGZNBZ83YSW2NS93,2020 Toyota Corolla SE,2020,Toyota,Corolla,SE,73517,BAGZNBZ83YSW2NS93,ME1143,Used,Petrol,Sedan,Automatic,9495,9495,0,removed,2026-08-18,2026-09-15,2026-09-16,29,https://metro-motors.example/vehicle/ME1143
metro-motors,Metro Motors,vin:G45Y68R697FSGCYZ1,2019 Nissan Rogue S,2019,Nissan,Rogue,S,58857,G45Y68R697FSGCYZ1,ME1146,Used,Petrol,SUV,Automatic,10495,10495,0,removed,2026-08-19,2026-08-20,2026-08-21,2,https://metro-motors.example/vehicle/ME1146
metro-motors,Metro Motors,vin:JVAHZA22J4KT9K9R3,2026 Honda Civic EX,2026,Honda,Civic,EX,27,JVAHZA22J4KT9K9R3,ME1147,New,Petrol,Sedan,Automatic,29495,29495,0,removed,2026-08-19,2026-09-21,2026-09-22,34,https://metro-motors.example/vehicle/ME1147
metro-motors,Metro Motors,vin:0HX8XJYW1N8XEL1S1,2024 Ford F-150 Lariat,2024,Ford,F-150,Lariat,27180,0HX8XJYW1N8XEL1S1,ME1149,Used,Petrol,Pickup,Automatic,38395,38395,0,removed,2026-08-20,2026-09-01,2026-09-02,13,https://metro-motors.example/vehicle/ME1149
metro-motors,Metro Motors,vin:RWNW8FKSML8PNP6R7,2024 Ford Escape S,2024,Ford,Escape,S,25897,RWNW8FKSML8PNP6R7,ME1150,Used,Petrol,SUV,Automatic,21195,21195,0,removed,2026-08-20,2026-09-01,2026-09-02,13,https://metro-motors.example/vehicle/ME1150
metro-motors,Metro Motors,vin:SYFM2R4Z4DN9BXS7C,2026 Mazda CX-5 Sport,2026,Mazda,CX-5,Sport,40,SYFM2R4Z4DN9BXS7C,ME1152,New,Petrol,SUV,Automatic,30795,30795,0,removed,2026-08-21,2026-09-14,2026-09-15,25,https://metro-motors.example/vehicle/ME1152
metro-motors,Metro Motors,vin:RKANSLFNU8ELJZUJS,2026 Hyundai Tucson SE,2026,Hyundai,Tucson,SE,37,RKANSLFNU8ELJZUJS,ME1155,New,Petrol,SUV,Automatic,29095,29095,0,removed,2026-08-22,2026-08-26,2026-08-27,5,https://metro-motors.example/vehicle/ME1155
metro-motors,Metro Motors,vin:U4KDHN8L20MGRTMCG,2024 Tesla Model 3 Long Range,2024,Tesla,Model 3,Long Range,27891,U4KDHN8L20MGRTMCG,ME1156,Used,Electric,Sedan,Automatic,32695,32695,0,removed,2026-08-22,2026-08-30,2026-08-31,9,https://metro-motors.example/vehicle/ME1156
metro-motors,Metro Motors,vin:XPHM3XSPASAGTMLN2,2025 Kia Sportage EX,2025,Kia,Sportage,EX,12222,XPHM3XSPASAGTMLN2,ME1159,Used,Petrol,SUV,Automatic,27095,24695,2,removed,2026-08-23,2026-09-26,2026-09-27,35,https://metro-motors.example/vehicle/ME1159
metro-motors,Metro Motors,vin:2LYL9F6Y5CDJBCZZA,2021 Nissan Rogue S,2021,Nissan,Rogue,S,42569,2LYL9F6Y5CDJBCZZA,ME1162,Used,Petrol,SUV,Automatic,12995,12995,0,removed,2026-08-24,2026-08-30,2026-08-31,7,https://metro-motors.example/vehicle/ME1162
metro-motors,Metro Motors,vin:UK95AGKK7RG4MKP5H,2025 Chevrolet Silverado LT,2025,Chevrolet,Silverado,LT,17102,UK95AGKK7RG4MKP5H,ME1163,Used,Petrol,Pickup,Automatic,36495,36495,0,removed,2026-08-24,2026-08-24,2026-08-25,1,https://metro-motors.example/vehicle/ME1163
metro-motors,Metro Motors,vin:6P47AJ0J9L6JFKFTR,2021 Hyundai Tucson SEL,2021,Hyundai,Tucson,SEL,46006,6P47AJ0J9L6JFKFTR,ME1164,Used,Petrol,SUV,Automatic,15095,15095,0,removed,2026-08-24,2026-09-22,2026-09-23,30,https://metro-motors.example/vehicle/ME1164
metro-motors,Metro Motors,vin:WHMCHWWC27JG1TWCV,2024 Chevrolet Silverado RST,2024,Chevrolet,Silverado,RST,24820,WHMCHWWC27JG1TWCV,ME1167,Used,Petrol,Pickup,Automatic,36495,35295,1,active,2026-08-25,2026-09-28,,34,https://metro-motors.example/vehicle/ME1167
metro-motors,Metro Motors,vin:48GEHGTNXH4GVDP78,2026 Toyota RAV4 XLE,2026,Toyota,RAV4,XLE,21,48GEHGTNXH4GVDP78,ME1168,New,Hybrid,SUV,Manual,34895,34895,0,active,2026-08-25,2026-09-28,,34,https://metro-motors.example/vehicle/ME1168
metro-motors,Metro Motors,vin:F76E8ECKNMYXTE454,2022 Toyota Camry LE,2022,Toyota,Camry,LE,41299,F76E8ECKNMYXTE454,ME1169,Used,Petrol,Sedan,Automatic,15095,14295,1,active,2026-08-25,2026-09-28,,34,https://metro-motors.example/vehicle/ME1169
metro-motors,Metro Motors,vin:G0BYC2PZFUHRRDD6P,2020 Honda Civic Sport,2020,Honda,Civic,Sport,58623,G0BYC2PZFUHRRDD6P,ME1170,Used,Petrol,Sedan,Automatic,10695,10695,0,active,2026-08-25,2026-09-28,,34,https://metro-motors.example/vehicle/ME1170
metro-motors,Metro Motors,vin:D6K1MKVCK48F926BR,2021 Mazda CX-5 Touring,2021,Mazda,CX-5,Touring,72531,D6K1MKVCK48F926BR,ME1174,Used,Petrol,SUV,Automatic,14095,14095,0,active,2026-08-27,2026-09-28,,32,https://metro-motors.example/vehicle/ME1174
metro-motors,Metro Motors,vin:JHRF26MB5AR24PNNM,2020 Ford F-150 Lariat,2020,Ford,F-150,Lariat,82023,JHRF26MB5AR24PNNM,ME1178,Used,Petrol,Pickup,Automatic,20095,20095,0,active,2026-08-28,2026-09-28,,31,https://metro-motors.example/vehicle/ME1178
metro-motors,Metro Motors,vin:3W2RAUKD0MHGLVRYK,2021 Nissan Rogue S,2021,Nissan,Rogue,S,61622,3W2RAUKD0MHGLVRYK,ME1180,Used,Petrol,SUV,Automatic,12995,12995,0,removed,2026-08-29,2026-09-20,2026-09-21,23,https://metro-motors.example/vehicle/ME1180
metro-motors,Metro Motors,vin:S4BA2J36FGT5Z6CH0,2019 BMW 3 Series 330i,2019,BMW,3 Series,330i,87620,S4BA2J36FGT5Z6CH0,ME1181,Used,Petrol,Sedan,Automatic,14095,14095,0,removed,2026-08-29,2026-09-12,2026-09-13,15,https://metro-motors.example/vehicle/ME1181
metro-motors,Metro Motors,vin:6JF9EPT1UJAGT3E1V,2026 BMW 3 Series 330i,2026,BMW,3 Series,330i,12,6JF9EPT1UJAGT3E1V,ME1183,New,Petrol,Sedan,Manual,48295,46695,1,active,2026-08-30,2026-09-28,,29,https://metro-motors.example/vehicle/ME1183
metro-motors,Metro Motors,vin:KPBUMMY55HL50LKJU,2024 Toyota Camry SE,2024,Toyota,Camry,SE,31599,KPBUMMY55HL50LKJU,ME1186,Used,Petrol,Sedan,Manual,23295,23295,0,removed,2026-08-31,2026-09-22,2026-09-23,23,https://metro-motors.example/vehicle/ME1186
metro-motors,Metro Motors,vin:GCV6XJ457MH7BFK5F,2023 Toyota Corolla SE,2023,Toyota,Corolla,SE,42522,GCV6XJ457MH7BFK5F,ME1187,Used,Petrol,Sedan,Automatic,15895,15895,0,active,2026-08-31,2026-09-28,,28,https://metro-motors.example/vehicle/ME1187
metro-motors,Metro Motors,vin:20F5YA3T6KCMWPS4N,2024 Ford Escape SE,2024,Ford,Escape,SE,27853,20F5YA3T6KCMWPS4N,ME1188,Used,Petrol,SUV,Automatic,22295,22295,0,removed,2026-09-02,2026-09-04,2026-09-05,3,https://metro-motors.example/vehicle/ME1188
metro-motors,Metro Motors,vin:SHNHKDT4N7T63A6AK,2020 Ford Escape S,2020,Ford,Escape,S,74275,SHNHKDT4N7T63A6AK,ME1192,Used,Petrol,SUV,Automatic,10695,10695,0,active,2026-09-03,2026-09-28,,25,https://metro-motors.example/vehicle/ME1192
metro-motors,Metro Motors,vin:W8GYLXA3V8G19RMYE,2023 Toyota Camry LE,2023,Toyota,Camry,LE,35237,W8GYLXA3V8G19RMYE,ME1195,Used,Petrol,Sedan,Automatic,17995,17995,0,removed,2026-09-05,2026-09-10,2026-09-11,6,https://metro-motors.example/vehicle/ME1195
metro-motors,Metro Motors,vin:BVCELL6L8HHS2B8P8,2022 Nissan Rogue SV,2022,Nissan,Rogue,SV,48466,BVCELL6L8HHS2B8P8,ME1196,Used,Petrol,SUV,Automatic,17095,17095,0,removed,2026-09-05,2026-09-20,2026-09-21,16,https://metro-motors.example/vehicle/ME1196
metro-motors,Metro Motors,vin:Z8DN5FK12G9G8XNFN,2020 Honda Civic LX,2020,Honda,Civic,LX,62865,Z8DN5FK12G9G8XNFN,ME1197,Used,Petrol,Sedan,Automatic,9895,9895,0,removed,2026-09-05,2026-09-24,2026-09-25,20,https://metro-motors.example/vehicle/ME1197
metro-motors,Metro Motors,vin:94T5NAWZ9DBXWMF58,2025 Honda Civic Sport,2025,Honda,Civic,Sport,10479,94T5NAWZ9DBXWMF58,ME1198,Used,Petrol,Sedan,Automatic,24495,24495,0,removed,2026-09-05,2026-09-11,2026-09-12,7,https://metro-motors.example/vehicle/ME1198
metro-motors,Metro Motors,vin:VVLV3UAKBDEYBZRW2,2025 Kia Sportage EX,2025,Kia,Sportage,EX,11799,VVLV3UAKBDEYBZRW2,ME1199,Used,Petrol,SUV,Manual,27295,27295,0,removed,2026-09-05,2026-09-20,2026-09-21,16,https://metro-motors.example/vehicle/ME1199
metro-motors,Metro Motors,vin:5TJH6VVLCFWEVKEN8,2024 Nissan Rogue SV,2024,Nissan,Rogue,SV,28529,5TJH6VVLCFWEVKEN8,ME1206,Used,Petrol,SUV,Automatic,23795,23795,0,active,2026-09-09,2026-09-28,,19,https://metro-motors.example/vehicle/ME1206
metro-motors,Metro Motors,vin:0Y951VJV4URLJY4Y6,2019 Hyundai Elantra SEL,2019,Hyundai,Elantra,SEL,64191,0Y951VJV4URLJY4Y6,ME1207,Used,Petrol,Sedan,Automatic,7995,7995,0,removed,2026-09-09,2026-09-09,2026-09-10,1,https://metro-motors.example/vehicle/ME1207
metro-motors,Metro Motors,vin:HZRE0ZRLXDF3EZ8BC,2025 Ford Escape S,2025,Ford,Escape,S,11317,HZRE0ZRLXDF3EZ8BC,ME1208,Used,Petrol,SUV,Automatic,25295,25295,0,active,2026-09-10,2026-09-28,,18,https://metro-motors.example/vehicle/ME1208
metro-motors,Metro Motors,vin:989041M0WWTKF9EJP,2019 Chevrolet Silverado RST,2019,Chevrolet,Silverado,RST,78415,989041M0WWTKF9EJP,ME1213,Used,Petrol,Pickup,Automatic,16195,16195,0,active,2026-09-12,2026-09-28,,16,https://metro-motors.example/vehicle/ME1213
metro-motors,Metro Motors,vin:2DN2NTN1W2MTXPWDB,2019 Honda CR-V EX,2019,Honda,CR-V,EX,64219,2DN2NTN1W2MTXPWDB,ME1214,Used,Petrol,SUV,Automatic,11495,11495,0,active,2026-09-12,2026-09-28,,16,https://metro-motors.example/vehicle/ME1214
metro-motors,Metro Motors,vin:TN1YST260K2RTUPGG,2024 Chevrolet Silverado LT,2024,Chevrolet,Silverado,LT,33470,TN1YST260K2RTUPGG,ME1216,Used,Petrol,Pickup,Automatic,30795,30795,0,active,2026-09-13,2026-09-28,,15,https://metro-motors.example/vehicle/ME1216
metro-motors,Metro Motors,vin:DFT02SXWFV6X25TZ8,2023 Nissan Rogue SV,2023,Nissan,Rogue,SV,29306,DFT02SXWFV6X25TZ8,ME1217,Used,Petrol,SUV,Automatic,20295,20295,0,active,2026-09-13,2026-09-28,,15,https://metro-motors.example/vehicle/ME1217
metro-motors,Metro Motors,vin:YCYR6BTFG6BARSDWE,2023 Hyundai Elantra SE,2023,Hyundai,Elantra,SE,43099,YCYR6BTFG6BARSDWE,ME1222,Used,Petrol,Sedan,Automatic,12995,12995,0,active,2026-09-15,2026-09-28,,13,https://metro-motors.example/vehicle/ME1222
metro-motors,Metro Motors,vin:W95B1DDV3GPWEE6RU,2024 Nissan Rogue S,2024,Nissan,Rogue,S,30419,W95B1DDV3GPWEE6RU,ME1225,Used,Petrol,SUV,Automatic,21695,21695,0,active,2026-09-16,2026-09-28,,12,https://metro-motors.example/vehicle/ME1225
metro-motors,Metro Motors,vin:V6PWH4VAGPN0ER6GM,2025 Hyundai Tucson SE,2025,Hyundai,Tucson,SE,16420,V6PWH4VAGPN0ER6GM,ME1227,Used,Petrol,SUV,Automatic,24495,24495,0,active,2026-09-18,2026-09-28,,10,https://metro-motors.example/vehicle/ME1227
metro-motors,Metro Motors,vin:F5FVVUUX39SXDHBFJ,2019 Chevrolet Silverado LT,2019,Chevrolet,Silverado,LT,101742,F5FVVUUX39SXDHBFJ,ME1232,Used,Petrol,Pickup,Automatic,13195,13195,0,active,2026-09-21,2026-09-28,,7,https://metro-motors.example/vehicle/ME1232
metro-motors,Metro Motors,vin:YCC17M2F028MNH6UH,2020 Ford Escape S,2020,Ford,Escape,S,83649,YCC17M2F028MNH6UH,ME1248,Used,Petrol,SUV,Automatic,9795,9795,0,active,2026-09-24,2026-09-28,,4,https://metro-motors.example/vehicle/ME1248
metro-motors,Metro Motors,vin:B550KZ5GS2AW6S4AD,2023 Ford Escape SE,2023,Ford,Escape,SE,28122,B550KZ5GS2AW6S4AD,ME1252,Used,Petrol,SUV,Automatic,18995,18995,0,active,2026-09-25,2026-09-28,,3,https://metro-motors.example/vehicle/ME1252
metro-motors,Metro Motors,vin:CVBGXB3DJFK3AKG5F,2026 Mazda CX-5 Sport,2026,Mazda,CX-5,Sport,11,CVBGXB3DJFK3AKG5F,ME1253,New,Petrol,SUV,Automatic,32695,32695,0,active,2026-09-25,2026-09-28,,3,https://metro-motors.example/vehicle/ME1253
metro-motors,Metro Motors,vin:PWBJKPDG7BCU43GVR,2026 Ford Escape SE,2026,Ford,Escape,SE,32,PWBJKPDG7BCU43GVR,ME1257,New,Petrol,SUV,Automatic,31595,31595,0,active,2026-09-26,2026-09-28,,2,https://metro-motors.example/vehicle/ME1257
metro-motors,Metro Motors,vin:HM3J8CUUHUCWTDH0Z,2025 Mazda CX-5 Sport,2025,Mazda,CX-5,Sport,14569,HM3J8CUUHUCWTDH0Z,ME1258,Used,Petrol,SUV,Automatic,26395,26395,0,active,2026-09-26,2026-09-28,,2,https://metro-motors.example/vehicle/ME1258
prime-cars,Prime Cars,vin:7W9B0UGHC0D9YZBXT,2019 Mazda CX-5 Touring,2019,Mazda,CX-5,Touring,73000,7W9B0UGHC0D9YZBXT,PR1067,Used,Petrol,SUV,Automatic,10595,10595,0,removed,2026-07-31,2026-08-29,2026-08-30,30,https://prime-cars.example/vehicle/PR1067
prime-cars,Prime Cars,vin:XKZHBDLZHGCVWJW16,2021 Toyota Corolla SE,2021,Toyota,Corolla,SE,51018,XKZHBDLZHGCVWJW16,PR1068,Used,Petrol,Sedan,Automatic,10895,10395,1,active,2026-07-31,2026-09-28,,59,https://prime-cars.example/vehicle/PR1068
prime-cars,Prime Cars,vin:SB57KZGLVVEWPFPEH,2025 Kia Sportage EX,2025,Kia,Sportage,EX,11579,SB57KZGLVVEWPFPEH,PR1069,Used,Petrol,SUV,Automatic,25295,25295,0,removed,2026-07-31,2026-08-01,2026-08-02,2,https://prime-cars.example/vehicle/PR1069
prime-cars,Prime Cars,vin:NV201XGSSNB2PX3GB,2026 Toyota Corolla LE,2026,Toyota,Corolla,LE,24,NV201XGSSNB2PX3GB,PR1070,New,Petrol,Sedan,Automatic,25395,25395,0,removed,2026-07-31,2026-08-21,2026-08-22,22,https://prime-cars.example/vehicle/PR1070
prime-cars,Prime Cars,vin:9F959RD9T2FC6A3UA,2020 Toyota RAV4 LE,2020,Toyota,RAV4,LE,92114,9F959RD9T2FC6A3UA,PR1071,Used,Hybrid,SUV,Automatic,11695,11695,0,removed,2026-07-31,2026-09-14,2026-09-15,46,https://prime-cars.example/vehicle/PR1071
prime-cars,Prime Cars,vin:Z4YUW9MMZRWABC1PG,2020 Chevrolet Silverado LT,2020,Chevrolet,Silverado,LT,59721,Z4YUW9MMZRWABC1PG,PR1072,Used,Petrol,Pickup,Automatic,16195,16195,0,removed,2026-07-31,2026-07-31,2026-08-01,1,https://prime-cars.example/vehicle/PR1072
prime-cars,Prime Cars,vin:W7SA4FX15YXH31G56,2026 Ford Escape S,2026,Ford,Escape,S,38,W7SA4FX15YXH31G56,PR1073,New,Petrol,SUV,Automatic,27395,27395,0,removed,2026-07-31,2026-08-04,2026-08-05,5,https://prime-cars.example/vehicle/PR1073
prime-cars,Prime Cars,vin:ALSSRPWAADF77JG7M,2022 Nissan Rogue S,2022,Nissan,Rogue,S,38007,ALSSRPWAADF77JG7M,PR1074,Used,Petrol,SUV,Automatic,15195,15195,0,removed,2026-07-31,2026-08-04,2026-08-05,5,https://prime-cars.example/vehicle/PR1074
prime-cars,Prime Cars,vin:8B5BHUJTCDTJYANSK,2022 Honda Civic EX,2022,Honda,Civic,EX,48496,8B5BHUJTCDTJYANSK,PR1075,Used,Petrol,Sedan,Manual,15595,15595,0,removed,2026-07-31,2026-08-03,2026-08-04,4,https://prime-cars.example/vehicle/PR1075
prime-cars,Prime Cars,vin:TAP1P3EP1E42EJU4F,2024 Mazda CX-5 Touring,2024,Mazda,CX-5,Touring,29730,TAP1P3EP1E42EJU4F,PR1076,Used,Petrol,SUV,Automatic,23895,22695,1,removed,2026-07-31,2026-09-16,2026-09-17,48,https://prime-cars.example/vehicle/PR1076
prime-cars,Prime Cars,vin:TEVRB9N1DCM8XDPZA,2019 Toyota RAV4 LE,2019,Toyota,RAV4,LE,65291,TEVRB9N1DCM8XDPZA,PR1077,Used,Hybrid,SUV,Automatic,11095,10095,2,removed,2026-07-31,2026-09-24,2026-09-25,56,https://prime-cars.example/vehicle/PR1077
prime-cars,Prime Cars,vin:W7K0YMSECFBW5BUE4,2023 Hyundai Tucson SEL,2023,Hyundai,Tucson,SEL,32585,W7K0YMSECFBW5BUE4,PR1078,Used,Petrol,SUV,Automatic,19095,19095,0,removed,2026-07-31,2026-07-31,2026-08-01,1,https://prime-cars.example/vehicle/PR1078
prime-cars,Prime Cars,vin:CPKXM7NGCWHEL0PVB,2021 Honda CR-V EX,2021,Honda,CR-V,EX,63373,CPKXM7NGCWHEL0PVB,PR1079,Used,Petrol,SUV,Automatic,13795,13795,0,removed,2026-07-31,2026-08-01,2026-08-02,2,https://prime-cars.example/vehicle/PR1079
prime-cars,Prime Cars,vin:28TUE5E2LX3H77TYV,2020 Hyundai Elantra SE,2020,Hyundai,Elantra,SE,64242,28TUE5E2LX3H77TYV,PR1080,Used,Petrol,Sedan,Automatic,7895,7895,0,removed,2026-07-31,2026-08-02,2026-08-03,3,https://prime-cars.example/vehicle/PR1080
prime-cars,Prime Cars,vin:E2LECXH8EE3ZD5ZPK,2022 Chevrolet Silverado RST,2022,Chevrolet,Silverado,RST,40297,E2LECXH8EE3ZD5ZPK,PR1081,Used,Petrol,Pickup,Automatic,24095,24095,0,removed,2026-07-31,2026-08-06,2026-08-07,7,https://prime-cars.example/vehicle/PR1081
prime-cars,Prime Cars,vin:STV3LGWAPU60P854G,2022 Toyota Camry SE,2022,Toyota,Camry,SE,50843,STV3LGWAPU60P854G,PR1082,Used,Petrol,Sedan,Automatic,16795,15395,2,removed,2026-07-31,2026-09-26,2026-09-27,58,https://prime-cars.example/vehicle/PR1082
prime-cars,Prime Cars,vin:664KG14CWBJUDH4FX,2024 Ford F-150 XLT,2024,Ford,F-150,XLT,28895,664KG14CWBJUDH4FX,PR1083,Used,Petrol,Pickup,Automatic,35195,35195,0,active,2026-07-31,2026-09-28,,59,https://prime-cars.example/vehicle/PR1083
prime-cars,Prime Cars,vin:M46YGZAHS4XU6G710,2023 Honda CR-V EX,2023,Honda,CR-V,EX,39396,M46YGZAHS4XU6G710,PR1084,Used,Petrol,SUV,Manual,20495,20495,0,removed,2026-07-31,2026-08-10,2026-08-11,11,https://prime-cars.example/vehicle/PR1084
prime-cars,Prime Cars,vin:L3K594AUTPLGSYZBA,2023 Hyundai Tucson SE,2023,Hyundai,Tucson,SE,43842,L3K594AUTPLGSYZBA,PR1085,Used,Petrol,SUV,Manual,17595,17595,0,removed,2026-07-31,2026-08-07,2026-08-08,8,https://prime-cars.example/vehicle/PR1085
prime-cars,Prime Cars,vin:7LHY34DXW3X52SFXG,2020 Ford F-150 XLT,2020,Ford,F-150,XLT,90808,7LHY34DXW3X52SFXG,PR1086,Used,Petrol,Pickup,Automatic,16595,16595,0,removed,2026-07-31,2026-08-01,2026-08-02,2,https://prime-cars.example/vehicle/PR1086
prime-cars,Prime Cars,vin:EU4WMCKTEWDM48HLL,2025 Hyundai Tucson SEL,2025,Hyundai,Tucson,SEL,11628,EU4WMCKTEWDM48HLL,PR1087,Used,Petrol,SUV,Automatic,28495,27495,1,removed,2026-07-31,2026-08-31,2026-09-01,32,https://prime-cars.example/vehicle/PR1087
prime-cars,Prime Cars,vin:LVUBRW9U087RPXT0C,2019 Hyundai Tucson SE,2019,Hyundai,Tucson,SE,73363,LVUBRW9U087RPXT0C,PR1088,Used,Petrol,SUV,Automatic,10195,10195,0,removed,2026-07-31,2026-08-14,2026-08-15,15,https://prime-cars.example/vehicle/PR1088
prime-cars,Prime Cars,vin:MSX57U8ZCB7KZBAB7,2020 Tesla Model 3 RWD,2020,Tesla,Model 3,RWD,85662,MSX57U8ZCB7KZBAB7,PR1089,Used,Electric,Sedan,Automatic,14295,14295,0,removed,2026-08-01,2026-08-02,2026-08-03,2,https://prime-cars.example/vehicle/PR1089
prime-cars,Prime Cars,vin:8HZ0MLB9W7KLKCZJC,2021 Ford F-150 XLT,2021,Ford,F-150,XLT,49847,8HZ0MLB9W7KLKCZJC,PR1090,Used,Petrol,Pickup,Automatic,20695,18695,2,removed,2026-08-01,2026-09-27,2026-09-28,58,https://prime-cars.example/vehicle/PR1090
prime-cars,Prime Cars,vin:PYUHH94SM3UWPB655,2026 Honda Civic EX,2026,Honda,Civic,EX,5,PYUHH94SM3UWPB655,PR1096,New,Petrol,Sedan,Automatic,29095,29095,0,removed,2026-08-03,2026-08-20,2026-08-21,18,https://prime-cars.example/vehicle/PR1096
prime-cars,Prime Cars,vin:8RH3PBZS06SA3G37Z,2022 Honda CR-V Touring,2022,Honda,CR-V,Touring,45375,8RH3PBZS06SA3G37Z,PR1097,Used,Petrol,SUV,Automatic,17995,17995,0,removed,2026-08-03,2026-08-26,2026-08-27,24,https://prime-cars.example/vehicle/PR1097
prime-cars,Prime Cars,vin:FMMS5PCT96V9B7PRV,2020 Ford Escape SE,2020,Ford,Escape,SE,81057,FMMS5PCT96V9B7PRV,PR1098,Used,Petrol,SUV,Automatic,10995,10995,0,removed,2026-08-04,2026-08-15,2026-08-16,12,https://prime-cars.example/vehicle/PR1098
prime-cars,Prime Cars,vin:YB48BLDZ9NWZJ34XP,2025 Nissan Rogue SV,2025,Nissan,Rogue,SV,15914,YB48BLDZ9NWZJ34XP,PR1099,Used,Petrol,SUV,Automatic,24995,24995,0,removed,2026-08-04,2026-08-17,2026-08-18,14,https://prime-cars.example/vehicle/PR1099
prime-cars,Prime Cars,vin:R6BPNU64GC0YXMJNM,2023 Toyota Corolla XSE,2023,Toyota,Corolla,XSE,39706,R6BPNU64GC0YXMJNM,PR1100,Used,Petrol,Sedan,Automatic,16295,16295,0,removed,2026-08-04,2026-09-09,2026-09-10,37,https://prime-cars.example/vehicle/PR1100
prime-cars,Prime Cars,vin:3WPN1J201014K8ZGL,2022 Toyota Corolla XSE,2022,Toyota,Corolla,XSE,56172,3WPN1J201014K8ZGL,PR1101,Used,Petrol,Sedan,Automatic,13895,13895,0,removed,2026-08-04,2026-08-06,2026-08-07,3,https://prime-cars.example/vehicle/PR1101
prime-cars,Prime Cars,vin:D5G3YYNVK00A3YYP1,2021 Tesla Model 3 Long Range,2021,Tesla,Model 3,Long Range,44974,D5G3YYNVK00A3YYP1,PR1105,Used,Electric,Sedan,Automatic,18595,18595,0,removed,2026-08-05,2026-09-16,2026-09-17,43,https://prime-cars.example/vehicle/PR1105
prime-cars,Prime Cars,vin:E14E09E76UF19KAZ0,2026 Honda CR-V Touring,2026,Honda,CR-V,Touring,24,E14E09E76UF19KAZ0,PR1112,New,Petrol,SUV,Automatic,37095,37095,0,removed,2026-08-08,2026-08-11,2026-08-12,4,https://prime-cars.example/vehicle/PR1112
prime-cars,Prime Cars,vin:SF4DFC04Y7LNR7BWU,2021 Ford Escape S,2021,Ford,Escape,S,62710,SF4DFC04Y7LNR7BWU,PR1113,Used,Petrol,SUV,Automatic,11795,11795,0,removed,2026-08-09,2026-08-19,2026-08-20,11,https://prime-cars.example/vehicle/PR1113
prime-cars,Prime Cars,vin:ZVZAJF87ZLNKUVF8Y,2020 Ford F-150 Lariat,2020,Ford,F-150,Lariat,62177,ZVZAJF87ZLNKUVF8Y,PR1116,Used,Petrol,Pickup,Automatic,19395,19395,0,active,2026-08-10,2026-09-28,,49,https://prime-cars.example/vehicle/PR1116
prime-cars,Prime Cars,vin:G2A5YDDAEG56W867P,2022 Tesla Model 3 RWD,2022,Tesla,Model 3,RWD,47602,G2A5YDDAEG56W867P,PR1118,Used,Electric,Sedan,Automatic,20895,20895,0,removed,2026-08-11,2026-08-12,2026-08-13,2,https://prime-cars.example/vehicle/PR1118
prime-cars,Prime Cars,vin:PE3UPKCH1UR9YMCRX,2022 Toyota Corolla SE,2022,Toyota,Corolla,SE,36032,PE3UPKCH1UR9YMCRX,PR1126,Used,Petrol,Sedan,Automatic,13495,13495,0,removed,2026-08-13,2026-08-13,2026-08-14,1,https://prime-cars.example/vehicle/PR1126
prime-cars,Prime Cars,vin:S6H0F2FE9PWVYA423,2022 Toyota RAV4 LE,2022,Toyota,RAV4,LE,58256,S6H0F2FE9PWVYA423,PR1127,Used,Hybrid,SUV,Automatic,16995,16995,0,removed,2026-08-13,2026-08-20,2026-08-21,8,https://prime-cars.example/vehicle/PR1127
prime-cars,Prime Cars,vin:F714HA8E10ALFR1BE,2026 Nissan Rogue SV,2026,Nissan,Rogue,SV,12,F714HA8E10ALFR1BE,PR1128,New,Petrol,SUV,Automatic,31895,31895,0,removed,2026-08-13,2026-08-14,2026-08-15,2,https://prime-cars.example/vehicle/PR1128
prime-cars,Prime Cars,vin:VM8PZGD73B70N33B8,2019 Ford F-150 Lariat,2019,Ford,F-150,Lariat,76883,VM8PZGD73B70N33B8,PR1133,Used,Petrol,Pickup,Automatic,16495,16495,0,removed,2026-08-14,2026-08-17,2026-08-18,4,https://prime-cars.example/vehicle/PR1133
prime-cars,Prime Cars,vin:RPP6ABA086CJ9D3CC,2024 Honda Civic Sport,2024,Honda,Civic,Sport,21851,RPP6ABA086CJ9D3CC,PR1136,Used,Petrol,Sedan,Automatic,20195,20195,0,active,2026-08-15,2026-09-28,,44,https://prime-cars.example/vehicle/PR1136
prime-cars,Prime Cars,vin:CPDZ6T876M5CAZR94,2022 Toyota Corolla SE,2022,Toyota,Corolla,SE,40966,CPDZ6T876M5CAZR94,PR1137,Used,Petrol,Sedan,Automatic,13095,13095,0,removed,2026-08-15,2026-09-20,2026-09-21,37,https://prime-cars.example/vehicle/PR1137
prime-cars,Prime Cars,vin:6WSBCMXJZFFCP3EG7,2025 Honda CR-V EX,2025,Honda,CR-V,EX,12859,6WSBCMXJZFFCP3EG7,PR1139,Used,Petrol,SUV,Automatic,28795,27095,1,removed,2026-08-16,2026-09-22,2026-09-23,38,https://prime-cars.example/vehicle/PR1139
prime-cars,Prime Cars,vin:EL5DJT7KFY7J2TZ81,2020 Chevrolet Silverado RST,2020,Chevrolet,Silverado,RST,73054,EL5DJT7KFY7J2TZ81,PR1144,Used,Petrol,Pickup,Manual,17795,17795,0,removed,2026-08-18,2026-08-22,2026-08-23,5,https://prime-cars.example/vehicle/PR1144
prime-cars,Prime Cars,vin:YHWPVY5AZ8JTZMVED,2020 Toyota Corolla XSE,2020,Toyota,Corolla,XSE,73160,YHWPVY5AZ8JTZMVED,PR1145,Used,Petrol,Sedan,Automatic,9695,9695,0,active,2026-08-18,2026-09-28,,41,https://prime-cars.example/vehicle/PR1145
prime-cars,Prime Cars,vin:R55TA60P0J78RNBGU,2019 Hyundai Tucson SEL,2019,Hyundai,Tucson,SEL,73080,R55TA60P0J78RNBGU,PR1151,Used,Petrol,SUV,Automatic,10595,10595,0,removed,2026-08-20,2026-09-19,2026-09-20,31,https://prime-cars.example/vehicle/PR1151
prime-cars,Prime Cars,vin:S71D975LP2GF46B1Z,2022 Tesla Model 3 Long Range,2022,Tesla,Model 3,Long Range,62093,S71D975LP2GF46B1Z,PR1154,Used,Electric,Sedan,Automatic,21095,21095,0,removed,2026-08-21,2026-08-26,2026-08-27,6,https://prime-cars.example/vehicle/PR1154
prime-cars,Prime Cars,vin:F72NZFWVXVFKA2UK4,2020 Toyota Camry SE,2020,Toyota,Camry,SE,75859,F72NZFWVXVFKA2UK4,PR1157,Used,Petrol,Sedan,Automatic,11295,11295,0,removed,2026-08-22,2026-08-22,2026-08-23,1,https://prime-cars.example/vehicle/PR1157
prime-cars,Prime Cars,vin:CA0XBRMYAZT008KWE,2021 Honda Civic LX,2021,Honda,Civic,LX,46486,CA0XBRMYAZT008KWE,PR1158,Used,Petrol,Sedan,Automatic,11195,11195,0,removed,2026-08-22,2026-09-09,2026-09-10,19,https://prime-cars.example/vehicle/PR1158
prime-cars,Prime Cars,vin:UAHV8YH8N1WYE2Z0S,2021 Kia Sportage EX,2021,Kia,Sportage,EX,43651,UAHV8YH8N1WYE2Z0S,PR1161,Used,Petrol,SUV,Manual,14895,14895,0,removed,2026-08-23,2026-08-24,2026-08-25,2,https://prime-cars.example/vehicle/PR1161
prime-cars,Prime Cars,vin:PXTJ0HJGY8E60V05F,2023 Tesla Model 3 RWD,2023,Tesla,Model 3,RWD,40360,PXTJ0HJGY8E60V05F,PR1166,Used,Electric,Sedan,Automatic,24495,24495,0,removed,2026-08-24,2026-09-06,2026-09-07,14,https://prime-cars.example/vehicle/PR1166
prime-cars,Prime Cars,vin:GEURSDKFDCZUC0RNW,2026 BMW 3 Series M340i,2026,BMW,3 Series,M340i,28,GEURSDKFDCZUC0RNW,PR1173,New,Petrol,Sedan,Automatic,47095,47095,0,removed,2026-08-26,2026-08-31,2026-09-01,6,https://prime-cars.example/vehicle/PR1173
prime-cars,Prime Cars,vin:X10RKHNFR6N2WTU1B,2026 BMW 3 Series 330i,2026,BMW,3 Series,330i,25,X10RKHNFR6N2WTU1B,PR1179,New,Petrol,Sedan,Automatic,44295,44295,0,active,2026-08-28,2026-09-28,,31,https://prime-cars.example/vehicle/PR1179
prime-cars,Prime Cars,vin:173A7YMGTRUX9H642,2025 Hyundai Elantra SEL,2025,Hyundai,Elantra,SEL,13481,173A7YMGTRUX9H642,PR1182,Used,Petrol,Sedan,Automatic,19495,19495,0,active,2026-08-29,2026-09-28,,30,https://prime-cars.example/vehicle/PR1182
prime-cars,Prime Cars,vin:3R5HF6U4NZU4FCFY1,2020 Toyota RAV4 XLE,2020,Toyota,RAV4,XLE,86948,3R5HF6U4NZU4FCFY1,PR1185,Used,Hybrid,SUV,Manual,12395,12395,0,removed,2026-08-30,2026-09-10,2026-09-11,12,https://prime-cars.example/vehicle/PR1185
prime-cars,Prime Cars,vin:9T4N9M2WGXEMG894U,2019 Honda CR-V Touring,2019,Honda,CR-V,Touring,104637,9T4N9M2WGXEMG894U,PR1190,Used,Petrol,SUV,Automatic,10695,10695,0,active,2026-09-02,2026-09-28,,26,https://prime-cars.example/vehicle/PR1190
prime-cars,Prime Cars,vin:YHPC5HJZPUT5SZZU7,2019 Kia Sportage EX,2019,Kia,Sportage,EX,66167,YHPC5HJZPUT5SZZU7,PR1191,Used,Petrol,SUV,Automatic,9995,9995,0,active,2026-09-02,2026-09-28,,26,https://prime-cars.example/vehicle/PR1191
prime-cars,Prime Cars,vin:T8NBU0RG64LJ3TPTS,2021 Honda CR-V EX,2021,Honda,CR-V,EX,51586,T8NBU0RG64LJ3TPTS,PR1205,Used,Petrol,SUV,Automatic,15295,15295,0,removed,2026-09-08,2026-09-15,2026-09-16,8,https://prime-cars.example/vehicle/PR1205
prime-cars,Prime Cars,vin:ZUAPVUUA3FF6HFF7N,2021 Toyota Corolla SE,2021,Toyota,Corolla,SE,70329,ZUAPVUUA3FF6HFF7N,PR1209,Used,Petrol,Sedan,Automatic,10895,10895,0,active,2026-09-10,2026-09-28,,18,https://prime-cars.example/vehicle/PR1209
prime-cars,Prime Cars,vin:C4YK8G8CRMEC74XCT,2023 BMW 3 Series M340i,2023,BMW,3 Series,M340i,28772,C4YK8G8CRMEC74XCT,PR1215,Used,Petrol,Sedan,Automatic,28295,28295,0,active,2026-09-12,2026-09-28,,16,https://prime-cars.example/vehicle/PR1215
prime-cars,Prime Cars,vin:5WBKNKGH3TDVEU27J,2025 Ford F-150 XL,2025,Ford,F-150,XL,16003,5WBKNKGH3TDVEU27J,PR1219,Used,Petrol,Pickup,Automatic,38695,38695,0,active,2026-09-13,2026-09-28,,15,https://prime-cars.example/vehicle/PR1219
prime-cars,Prime Cars,vin:Y6RAJ0PCMKMSRCLY2,2025 Honda CR-V Touring,2025,Honda,CR-V,Touring,15581,Y6RAJ0PCMKMSRCLY2,PR1224,Used,Petrol,SUV,Automatic,31195,31195,0,removed,2026-09-15,2026-09-18,2026-09-19,4,https://prime-cars.example/vehicle/PR1224
prime-cars,Prime Cars,vin:XRE514WHLN5BSR5ND,2025 Honda CR-V Touring,2025,Honda,CR-V,Touring,14362,XRE514WHLN5BSR5ND,PR1228,Used,Petrol,SUV,Automatic,30195,30195,0,active,2026-09-18,2026-09-28,,10,https://prime-cars.example/vehicle/PR1228
prime-cars,Prime Cars,vin:43DSU37UHMVN76DTF,2026 Toyota Camry LE,2026,Toyota,Camry,LE,33,43DSU37UHMVN76DTF,PR1229,New,Petrol,Sedan,Automatic,29895,29895,0,active,2026-09-19,2026-09-28,,9,https://prime-cars.example/vehicle/PR1229
prime-cars,Prime Cars,vin:4FRLPD3AWS82HKWZX,2025 Ford F-150 Lariat,2025,Ford,F-150,Lariat,14818,4FRLPD3AWS82HKWZX,PR1233,Used,Petrol,Pickup,Automatic,42295,42295,0,removed,2026-09-21,2026-09-23,2026-09-24,3,https://prime-cars.example/vehicle/PR1233
prime-cars,Prime Cars,vin:LD2K4YVSFU307V32P,2025 Toyota RAV4 XLE,2025,Toyota,RAV4,XLE,16851,LD2K4YVSFU307V32P,PR1234,Used,Hybrid,SUV,Automatic,28395,28395,0,active,2026-09-21,2026-09-28,,7,https://prime-cars.example/vehicle/PR1234
prime-cars,Prime Cars,vin:XKTW13JFPEUG7R5T9,2019 Toyota Camry SE,2019,Toyota,Camry,SE,89277,XKTW13JFPEUG7R5T9,PR1235,Used,Petrol,Sedan,Automatic,9395,9395,0,removed,2026-09-21,2026-09-24,2026-09-25,4,https://prime-cars.example/vehicle/PR1235
prime-cars,Prime Cars,vin:9L0904R7LRBNS7ETF,2021 Hyundai Tucson SE,2021,Hyundai,Tucson,SE,55464,9L0904R7LRBNS7ETF,PR1241,Used,Petrol,SUV,Automatic,13895,13895,0,active,2026-09-22,2026-09-28,,6,https://prime-cars.example/vehicle/PR1241
prime-cars,Prime Cars,vin:9HHUBDKYA3ASCBPWX,2025 Tesla Model 3 Long Range,2025,Tesla,Model 3,Long Range,19257,9HHUBDKYA3ASCBPWX,PR1250,Used,Electric,Sedan,Automatic,33895,33895,0,active,2026-09-24,2026-09-28,,4,https://prime-cars.example/vehicle/PR1250
prime-cars,Prime Cars,vin:7K8KKF7L656A9E1B4,2021 Hyundai Elantra SEL,2021,Hyundai,Elantra,SEL,56184,7K8KKF7L656A9E1B4,PR1251,Used,Petrol,Sedan,Automatic,10895,10895,0,active,2026-09-24,2026-09-28,,4,https://prime-cars.example/vehicle/PR1251
prime-cars,Prime Cars,vin:20UK57PBEHNK8VPX2,2020 Chevrolet Silverado RST,2020,Chevrolet,Silverado,RST,75587,20UK57PBEHNK8VPX2,PR1255,Used,Petrol,Pickup,Automatic,16595,16595,0,active,2026-09-25,2026-09-28,,3,https://prime-cars.example/vehicle/PR1255
prime-cars,Prime Cars,vin:10TUYHR2ZESM8KCF0,2022 BMW 3 Series M340i,2022,BMW,3 Series,M340i,57691,10TUYHR2ZESM8KCF0,PR1256,Used,Petrol,Sedan,Manual,22995,22995,0,active,2026-09-25,2026-09-28,,3,https://prime-cars.example/vehicle/PR1256
prime-cars,Prime Cars,vin:WUA5LZ9LXAMGAY76V,2020 Honda CR-V Touring,2020,Honda,CR-V,Touring,52555,WUA5LZ9LXAMGAY76V,PR1261,Used,Petrol,SUV,Automatic,14195,14195,0,active,2026-09-27,2026-09-28,,1,https://prime-cars.example/vehicle/PR1261
prime-cars,Prime Cars,vin:AWBTE5BZHY7V49KCN,2020 BMW 3 Series 330i,2020,BMW,3 Series,330i,84126,AWBTE5BZHY7V49KCN,PR1265,Used,Petrol,Sedan,Automatic,15295,15295,0,active,2026-09-28,2026-09-28,,0,https://prime-cars.example/vehicle/PR1265
